Missile_ID,Missile_Name,Alternate_Name,Country_of_Origin,Country_of_Possession,Missile_Class,Missile_Type,Length_m,Launch_Weight_kg,Warhead_Type,Range_min_km,Range_max_km,Year_Introduced,Operational_Status,Launch_Basing,Diameter_m,Payload_kg,Propulsion_Type,Notes,Unnamed: 19,Range_Category,Decade
CHN011,DF-17,CSS-Unknown,China,China,MRBM/Hypersonic,Strike,,,DF-ZF hypersonic glide vehicle,2500.0,2500.0,2019.0,Active,Mobile TEL,,,Solid,First public display 2019; nuclear-capable,,Intermediate Range,2010
CHN016,DF-26D,CSS-Unknown,China,China,Intermediate-Range Ballistic Missile,Strike,,,,5000.0,5000.0,2025.0,Active,Mobile TEL,,,Solid,Declassified in 2025 parade,,Long Range,2020
CHN003,DF-3,CSS-2,China,China,Medium-Range Ballistic Missile,Strike,,,Nuclear,2800.0,5000.0,1988.0,Active,Land-based TEL,,2150,Liquid,Exported to Saudi Arabia 1988,,Long Range,1980
CHN018,DF-31,CSS-10,China,China,Intercontinental Ballistic Missile,Strike,,,Nuclear,8000.0,11200.0,1999.0,Active,Mobile TEL,,700,Solid,First test-fired 1999,,Intercontinental Range,1990
CHN021,DF-31BJ,CSS-10 Mod 4,China,China,Intercontinental Ballistic Missile,Strike,,,Nuclear,11200.0,11200.0,2025.0,Active,Mobile TEL,,,Solid,Declassified in 2025 parade,,Intercontinental Range,2020
CHN007,DF-5C,CSS-4 Mod 3,China,China,Intercontinental Ballistic Missile,Strike,,,MIRV nuclear,13000.0,13000.0,2025.0,Active,Silo-based,,,Liquid,Declassified in 2025 parade,,Intercontinental Range,2020
CHN026,JL-3,CSS-N-Unknown,China,China,Submarine-Launched Ballistic Missile,Strike,,,Nuclear MIRV-capable,8000.0,8000.0,2025.0,Active,Submarine (Type 096 planned),,,Solid,Declassified in 2025 parade,,Intercontinental Range,2020
CHN031,YJ-15,,China,China,Anti-Ship Cruise Missile,Strike,,,HE,1200.0,1800.0,2025.0,Active,Air (J-15 carrier fighter),,,Ramjet,Newest carrier-based ASM,,Intermediate Range,2020
PAK026,Bakhtar Shikan,HJ-8 derivative,China,Pakistan,Anti-Tank Guided Missile,ATGM,,,HE tandem shaped charge,3.0,5.0,2015.0,Active,Man-portable/Vehicle,,,Solid propellant,Chinese HJ-8 license production,,Short Range,2010
PAK022,C-602,,China,Pakistan,Anti-Ship Cruise Missile,Strike,6.1,,HE,280.0,400.0,2015.0,Active,Coastal defence/Ship,0.54,,Turbojet,Chinese-origin; MTCR-compliant variant,,Medium Range,2010
PAK023,CM-302,,China,Pakistan,Supersonic Anti-Ship Missile,Strike,,,HE,290.0,290.0,2020.0,Active,Ship,,,Ramjet,Chinese-origin YJ-12 variant; Mach 3.5,,Short Range,2020
PAK024,CM-400AKG,,China,Pakistan,Hypersonic Air-Launched Missile,Strike,,,HE,250.0,250.0,2015.0,Active,Air,,,Solid propellant,Mach 5+; air-launched; anti-ship/land attack,,Short Range,2010
FRA019,AASM Hammer,Armement Air-Sol Modulaire,France,France,Precision-Guided Bomb,Strike,3.1,125.0,HE,15.0,70.0,2007.0,Active,Air-launched,0.25,,Solid rocket booster,Modular air-to-ground weapon,,Short Range,2000
FRA005,ASMPA,Air-Sol Moyenne Portée Amélioré,France,France,Air-Launched Cruise Missile,Nuclear Strike,5.4,860.0,Nuclear,500.0,600.0,2009.0,Active,Air-launched,0.38,,Ramjet,Air-breathing nuclear missile; 50 TNA warheads,,Medium Range,2000
FRA010,Exocet AM39,,France,France,Anti-Ship Cruise Missile,Strike,4.69,670.0,HE semi-armor piercing,40.0,180.0,1975.0,Active,Air-launched,0.35,165,Solid,Air-launched anti-ship missile,,Short Range,1970
FRA011,Exocet MM40 Block 3,,France,France,Anti-Ship Cruise Missile,Strike,5.8,870.0,HE,200.0,200.0,2008.0,Active,Ship/Coastal defense,0.35,165,Turbojet,Latest ship-launched Exocet,,Short Range,2000
FRA004,M45,,France,France,Submarine-Launched Ballistic Missile,Strike,11.1,35000.0,Nuclear,6000.0,6000.0,1996.0,Retired,Submarine,1.93,,Solid,Retired 2023,,Intercontinental Range,1990
FRA002,M51.2,,France,France,Submarine-Launched Ballistic Missile,Strike,12.0,52000.0,Nuclear,9000.0,9000.0,2017.0,Active,Submarine,2.3,,Three-stage solid,Previous SLBM variant,,Intercontinental Range,2010
FRA001,M51.3,,France,France,Submarine-Launched Ballistic Missile,Strike,12.0,52000.0,Nuclear,9500.0,9500.0,2025.0,Active,Submarine,2.3,,Three-stage solid,"Latest SLBM variant; improved range, accuracy",,Intercontinental Range,2020
FRA014,MICA,,France,France,Air-to-Air Missile,AAM,3.1,112.0,HE blast-fragmentation,20.0,60.0,1996.0,Active,Air-launched,0.16,,Solid,Being replaced by MICA NG,,Short Range,1990
FRA007,MdCN,Missile de Croisière Naval,France,France,Land-Attack Cruise Missile,Strike,6.5,1400.0,HE,1000.0,1000.0,2015.0,Active,Ship-launched,0.5,300,Turbojet,European Tomahawk equivalent,,Intermediate Range,2010
FRA015,Mistral,,France,France,Short-Range Air Defense,MAMPADS,1.86,19.5,HE with tungsten balls,6.0,6.0,1988.0,Active,Man-portable/Vehicle/Helicopter,0.09,2.95,Solid,3rd generation since 2019,,Short Range,1980
FRA016,VL MICA,,France,France,Surface-to-Air Missile,Interceptor,3.1,112.0,HE blast-fragmentation,20.0,40.0,2024.0,Active,Ground/Ship,0.16,,Solid,Ground-based MICA,,Short Range,2020
IND008,Exocet,,France,India,Anti-Ship Cruise Missile,Strike,5.2,762.0,HE fragmentation,40.0,180.0,1980.0,Active,Sea/Air/Ground/Submarine,0.35,165,Solid/Turbojet,French-origin; various blocks,,Short Range,1980
PAK021,Exocet,AM-39,France,Pakistan,Anti-Ship Cruise Missile,Strike,4.69,670.0,HE,40.0,180.0,1985.0,Active,Air/Ship,0.35,165,Solid propellant,French-origin; on Atlantique aircraft and surface ships,,Short Range,1980
FRA017,Aster 15,,France/Europe,France/Europe,Surface-to-Air Missile,Interceptor,4.2,310.0,HE blast-fragmentation,30.0,50.0,2001.0,Active,Ship,0.18,,Solid,PAAMS system; naval air defense,,Short Range,2000
FRA018,Aster 30,,France/Europe,France/Europe,Surface-to-Air Missile,Interceptor,4.9,450.0,HE blast-fragmentation,120.0,150.0,2002.0,Active,Ship/Ground,0.18,,Solid,SAMP/T ground-based variant,,Short Range,2000
FRA012,Meteor,,France/Europe,France/Europe,Beyond Visual Range Air-to-Air Missile,AAM,3.7,190.0,HE blast-fragmentation,100.0,200.0,2016.0,Active,Air-launched,0.178,,Ramjet,Throttleable ducted rocket,,Short Range,2010
FRA008,SCALP-EG,Storm Shadow,France/UK,France/UK,Air-Launched Cruise Missile,Strike,5.1,1300.0,HE penetrating,290.0,560.0,2003.0,Active,Air-launched,0.48,450,Turbojet,Deep-strike conventional missile,,Medium Range,2000
IND001,Agni-I,,India,India,Short-Range Ballistic Missile,Strike,15.0,12000.0,"Conventional unitary or submunition, Nuclear",700.0,1200.0,2007.0,Active,Road/rail-mobile,1.0,1000,Single-stage solid,First Agni series missile,,Intermediate Range,2000
IND002,Agni-II,,India,India,Medium-Range Ballistic Missile,Strike,20.0,17000.0,Nuclear or HE,2000.0,3500.0,2004.0,Active,Road/rail-mobile,1.0,1000,Two-stage solid,Covers major targets in region,,Long Range,2000
IND003,Agni-III,,India,India,Intermediate-Range Ballistic Missile,Strike,16.7,48300.0,"Nuclear, possible conventional",3000.0,3500.0,2011.0,Active,"Rail-mobile, road-mobile",2.0,1500,Two-stage solid,Second strike capability,,Long Range,2010
IND007,Dhanush,,India,India,Ship-Launched Ballistic Missile,Strike,8.53,5600.0,"Nuclear, HE, submunitions, FAE, chemical",250.0,400.0,2010.0,Active,Ship-launched,1.0,750,Single-stage liquid,Naval version of Prithvi missile,,Medium Range,2010
IND011,Prithvi-I,,India,India,Short-Range Ballistic Missile,Strike,9.5,4600.0,"Unitary blast-fragmentation, submunitions, nuclear",150.0,150.0,1996.0,Obsolete,Road-mobile,1.0,1000,Single-stage liquid,First missile developed under IGMDP,,Short Range,1990
IND012,Prithvi-II,,India,India,Short-Range Ballistic Missile,Strike,9.5,4600.0,"Conventional unitary, submunition, nuclear",250.0,350.0,2003.0,Active,Road-mobile,1.0,750,Single-stage liquid,Enhanced range version,,Medium Range,2000
IRN030,AD-08 Majid,,Iran,Iran,Short-Range Air Defense,Interceptor,2.67,75.0,HE fragmentation,8.0,8.0,2020.0,Active,Ground,0.156,,Solid,Altitude 20m-6km; truck-mounted,,Short Range,2020
IRN031,Bavar-373,,Iran,Iran,Long-Range Surface-to-Air Missile,Interceptor,,,HE blast-fragmentation,300.0,300.0,2019.0,Active,Ground,0.7,,Solid,Indigenous S-300 equivalent,,Medium Range,2010
IRN027,Dehlavieh,9M133 Kornet copy,Iran,Iran,Anti-Tank Guided Missile,ATGM,1.2,,HEAT,5.5,5.5,2010.0,Active,Man-portable/Vehicle,,,Solid,Reverse-engineered Russian Kornet,,Short Range,2010
IRN005,Emad,,Iran,Iran,Medium-Range Ballistic Missile,Strike,16.0,,HE,1700.0,1700.0,2015.0,Active,Ground,,750,Liquid,Precision-guided Shahab-3 variant,,Intermediate Range,2010
IRN023,Fajr-3,,Iran,Iran,Artillery Rocket,Strike,5.2,,HE,43.0,43.0,1990.0,Active,Ground,0.23,45,Solid,333mm caliber; 12-round launcher,,Short Range,1990
IRN024,Falaq-1,,Iran,Iran,Artillery Rocket,Strike,2.5,,HE,10.0,10.0,1990.0,Active,Ground,0.24,50,Solid,240mm caliber,,Short Range,1990
IRN025,Falaq-2,,Iran,Iran,Artillery Rocket,Strike,2.5,,HE,10.0,10.0,2000.0,Active,Ground,0.33,,Solid,333mm caliber,,Short Range,2000
IRN010,Fateh-110,,Iran,Iran,Short-Range Ballistic Missile,Strike,9.0,,HE,300.0,300.0,2002.0,Active,Ground,0.61,550,Solid,Workhorse SRBM; multiple generations,,Medium Range,2000
IRN011,Fateh-313,,Iran,Iran,Short-Range Ballistic Missile,Strike,9.0,,HE,500.0,500.0,2015.0,Active,Ground,,380,Solid,Improved Fateh-110,,Medium Range,2010
IRN003,Fattah,,Iran,Iran,Hypersonic Ballistic Missile,Strike,,,HE,1400.0,1400.0,2023.0,Active,Ground,,,Solid,First Iranian hypersonic missile,,Intermediate Range,2020
IRN006,Ghadr/Ghadr-110,,Iran,Iran,Medium-Range Ballistic Missile,Strike,16.0,,HE,2000.0,2000.0,2007.0,Active,Ground,1.25,825,Liquid,Improved Shahab-3,,Intermediate Range,2000
IRN008,Haj Qasem,,Iran,Iran,Medium-Range Ballistic Missile,Strike,11.0,,HE,1400.0,1400.0,2020.0,Active,Ground,,500,Solid,Named after Qasem Soleimani,,Intermediate Range,2020
IRN015,Hormuz-2,,Iran,Iran,Anti-Ship Ballistic Missile,Strike,,,HE,300.0,300.0,2014.0,Active,Coastal,,600,Solid,Anti-radiation variant,,Medium Range,2010
IRN007,Kheibar/Kheibarshekan,Khorramshahr-4,Iran,Iran,Medium-Range Ballistic Missile,Strike,11.0,,HE,1450.0,2000.0,2022.0,Active,Ground,,1500,Solid,Solid-fuel missile,,Intermediate Range,2020
IRN002,Khorramshahr-4,Kheibar,Iran,Iran,Medium-Range Ballistic Missile,Strike,13.0,,HE,2000.0,2000.0,2023.0,Active,Ground,1.3,1650,Liquid,Largest warhead in Iranian arsenal,,Intermediate Range,2020
IRN020,Noor,,Iran,Iran,Anti-Ship Cruise Missile,Strike,6.38,715.0,HE,170.0,200.0,1991.0,Active,Ground/Ship/Air,0.36,165,Solid,Improved Chinese C-801/C-802,,Short Range,1990
IRN014,Persian Gulf/Hormuz-1,,Iran,Iran,Anti-Ship Ballistic Missile,Strike,,,HE semi-armor piercing,300.0,300.0,2011.0,Active,Coastal,,650,Solid,First-generation ASBM,,Medium Range,2010
IRN012,Qiam-1,,Iran,Iran,Short-Range Ballistic Missile,Strike,11.0,,HE,800.0,800.0,2010.0,Active,Ground,,750,Liquid,Finless design for rapid launch,,Medium Range,2010
IRN018,Quds-1,,Iran,Iran,Cruise Missile,Strike,6.0,,HE,600.0,600.0,2019.0,Active,Ground,,,Turbojet,Supplied to Houthis,,Medium Range,2010
IRN026,RAAD-T,,Iran,Iran,Anti-Tank Guided Missile,ATGM,1.0,11.0,HEAT,0.4,3.0,1997.0,Active,Man-portable/Vehicle,0.12,,Solid,Improved Soviet Malyutka,,Short Range,1990
IRN019,Ra'ad,SSN-4,Iran,Iran,Anti-Ship Cruise Missile,Strike,7.36,3000.0,HE,350.0,350.0,2007.0,Active,Ground/Ship,0.76,475,Turbojet + booster,Based on Chinese HY-4,,Medium Range,2000
IRN013,Raad-500,,Iran,Iran,Short-Range Ballistic Missile,Strike,8.0,,HE,500.0,500.0,2020.0,Active,Ground,,,Solid,Composite materials; cold-launch,,Medium Range,2020
IRN029,Saeghe,M47 Dragon derivative,Iran,Iran,Anti-Tank Guided Missile,ATGM,,,HEAT,3.0,4.0,2005.0,Active,Man-portable,,,Solid,Improvised Dragon copy,,Short Range,2000
IRN032,Sayyad-2,,Iran,Iran,Surface-to-Air Missile,Interceptor,,,HE blast,60.0,100.0,2013.0,Active,Ground,0.7,,Solid,Reverse-engineered SM-1,,Short Range,2010
IRN033,Sayyad-3,,Iran,Iran,Surface-to-Air Missile,Interceptor,,,HE blast,150.0,200.0,2016.0,Active,Ground,0.7,,Solid,Improved Sayyad-2,,Short Range,2010
IRN034,Sayyad-4,,Iran,Iran,Surface-to-Air Missile,Interceptor,,,HE blast,300.0,300.0,2019.0,Active,Ground,0.7,,Solid,For Bavar-373; two-stage,,Medium Range,2010
IRN035,Sayyad-4B,,Iran,Iran,Surface-to-Air Missile,Interceptor,,,HE blast,400.0,400.0,2025.0,Active,Ground,0.7,,Two-stage solid,Latest Sayyad variant,,Medium Range,2020
IRN001,Sejjil,,Iran,Iran,Medium-Range Ballistic Missile,Strike,18.0,,HE,2000.0,2500.0,2008.0,Active,Road-mobile,,1500,Solid,High-speed solid-fuel missile,,Intermediate Range,2000
IRN021,Shahab-1,,Iran,Iran,Short-Range Ballistic Missile,Strike,10.0,,HE,300.0,300.0,1985.0,Active,Ground,0.88,1000,Liquid,Based on Scud-B,,Medium Range,1980
IRN022,Shahab-2,,Iran,Iran,Short-Range Ballistic Missile,Strike,11.0,,HE,500.0,500.0,1990.0,Active,Ground,0.88,750,Liquid,Based on Scud-C,,Medium Range,1990
IRN004,Shahab-3,,Iran,Iran,Medium-Range Ballistic Missile,Strike,16.0,,HE,800.0,1300.0,2003.0,Active,Ground,1.35,1000,Liquid,Core of Iran's MRBM arsenal,,Intermediate Range,2000
IRN016,Soumar,,Iran,Iran,Land-Attack Cruise Missile,Strike,7.0,,HE,2000.0,2500.0,2015.0,Active,Ground,,,Turbojet,Reverse-engineered Kh-55,,Intermediate Range,2010
IRN028,Toophan,BGM-71 TOW copy,Iran,Iran,Anti-Tank Guided Missile,ATGM,,,HEAT,3.5,4.0,2000.0,Active,Man-portable/Vehicle,,,Solid,TOW reverse-engineered,,Short Range,2000
IRN017,Ya-Ali,,Iran,Iran,Cruise Missile,Strike,5.0,,HE,700.0,700.0,2015.0,Active,Ground,,,Turbojet,Short-range cruise missile,,Medium Range,2010
IRN009,Zolfaghar,,Iran,Iran,Short-Range Ballistic Missile,Strike,10.0,,HE,700.0,700.0,2017.0,Active,Ground,,579,Solid,Precision-strike variant of Fateh-110,,Medium Range,2010
ISR029,ACCULAR,Precision Rocket,Israel,Israel,Guided Artillery Rocket,Strike,4.0,650.0,HE blast/penetration,40.0,40.0,2015.0,Active,Ground-launched,0.2,120,Solid propellant,Precision-guided rocket; 10m CEP; based on LAR-160,,Short Range,2010
ISR011,Barak ER,Extended Range,Israel,Israel,Surface-to-Air Missile,Interceptor,4.5,280.0,HE blast-fragmentation,150.0,150.0,2023.0,Active,Vertical launch,0.2,60,Two-stage solid propellant,Extended range variant with larger booster,,Short Range,2020
ISR020,Blue Sparrow,Sparrow variant,Israel,Israel,Target Missile,Target/Test,8.3,3100.0,Test instrumentation,2000.0,2000.0,2010.0,Active,Air-launched,0.8,,Two-stage solid propellant,Simulates Iraqi Scud and Iranian Shahab missiles,,Intermediate Range,2010
ISR013,C-Dome,Sea-Iron Dome,Israel,Israel,Naval Air Defense,Interceptor,3.0,90.0,HE blast-fragmentation,4.0,70.0,2017.0,Active,Ship-launched,0.15,11,Solid propellant,Naval version of Iron Dome; first operational use 2024,,Short Range,2010
ISR008,Delilah,Star-1,Israel,Israel,Air-Launched Cruise Missile,Strike,2.7,187.0,HE fragmentation,250.0,250.0,1995.0,Active,"Air, surface, sea-launched",0.3,30,Turbojet,"Multi-platform loitering missile; can search, identify, attack targets",,Short Range,1990
ISR022,EXTRA,Extra Range Artillery,Israel,Israel,Long-Range Artillery Rocket,Strike,5.2,1300.0,"HE blast/penetration, submunitions",150.0,150.0,2010.0,Active,Ground-launched,0.3,120,Solid propellant,INS/GPS guidance; 10m CEP,,Short Range,2010
ISR031,Gabriel Family,Family of Anti-Ship Missiles,Israel,Israel,Anti-Ship Missile,Strike,4.45,875.0,HE blast,35.0,400.0,1970.0,Active,"Ship, ground, air-launched",0.35,125,Turbojet/rocket,Evolutionary family of anti-ship missiles; Gabriel I-V variants,,Medium Range,1970
ISR009,Gabriel V,Advanced Gabriel,Israel,Israel,Anti-Ship Cruise Missile,Strike,5.5,1250.0,HE blast/penetration,400.0,400.0,2020.0,Active,"Ship, ground-launched",0.4,150,Turbojet + booster,5th generation sea-skimming missile; networked warfare capability,,Medium Range,2020
ISR005,Golden Horizon,ALBM/Sparrow derivative,Israel,Israel,Air-Launched Ballistic Missile,Strike,8.3,3100.0,Penetration warhead,1000.0,2000.0,2025.0,Active,Air-launched,0.8,,Two-stage solid propellant,Hypersonic speeds (Mach 5+); offered to India,,Intermediate Range,2020
ISR012,Iron Dome Interceptor,Tamir,Israel,Israel,Short-Range Air Defense,Interceptor,3.0,90.0,HE blast-fragmentation,4.0,70.0,2011.0,Active,"Ground, ship",0.15,11,Solid propellant,"Designed to intercept rockets, mortars, drones; $40,000 per missile",,Short Range,2010
ISR001,Jericho-I,YA-1,Israel,Israel,Short-Range Ballistic Missile,Strike,13.4,6500.0,"Nuclear, HE",500.0,500.0,1973.0,Active,Road/rail-mobile,0.8,1000,Single-stage solid propellant,First Israeli indigenous ballistic missile; 50 believed nuclear-capable,,Medium Range,1970
ISR002,Jericho-II,YA-2,Israel,Israel,Medium-Range Ballistic Missile,Strike,14.0,13000.0,"Nuclear, HE",1500.0,1500.0,1990.0,Active,Road/rail-mobile,1.0,1000,Two-stage solid propellant,Improved range variant; approximately 50 nuclear-capable missiles deployed,,Intermediate Range,1990
ISR003,Jericho-III,YA-3,Israel,Israel,Intermediate-Range Ballistic Missile,Strike,15.5,30000.0,"Nuclear, HE",4800.0,6500.0,2011.0,Active,Road/rail-mobile,1.5,1150,Three-stage solid propellant,Longest-range Israeli ballistic missile,,Intercontinental Range,2010
ISR021,LORA,Loitering Ordnance,Israel,Israel,Quasi-Ballistic Missile,Strike,5.2,1600.0,"HE blast/penetration, submunitions",400.0,400.0,2015.0,Active,"Ground, ship-launched",0.6,400,Single-stage solid propellant,10m CEP; ship and land-attack missile,,Medium Range,2010
ISR028,MARS,LAR-160,Israel,Israel,Multiple Launch Rocket System,Strike,4.0,650.0,"HE, submunitions",45.0,45.0,1980.0,Active,Ground-launched,0.2,100,Solid propellant,Multiple artillery rocket system,,Short Range,1980
ISR027,Maritime Extended Range Missile,Advanced Naval Missile,Israel,Israel,Naval Strike Missile,Strike,5.5,1300.0,HE blast/penetration,350.0,350.0,2022.0,Active,Ship-launched,0.4,150,Turbojet,Advanced naval strike missile for Israeli Navy,,Medium Range,2020
ISR024,Nimrod,Family of Missiles,Israel,Israel,Precision Guided Missile,Strike,2.5,100.0,"HEAT, HE blast",26.0,50.0,1990.0,Active,"Ground, air, sea-launched",0.15,22.5,Solid propellant,Family of long-range precision missiles; various sizes,,Short Range,1990
ISR007,Popeye,AGM-142 Have Nap,Israel,Israel,Air-to-Surface Cruise Missile,Strike,4.8,1360.0,"HE blast/penetration, nuclear-capable",80.0,80.0,1985.0,Active,Air-launched,0.5,360,Turbojet,"Precision stand-off missile; exported to US, Turkey, South Korea",,Short Range,1980
ISR023,Predator Hawk,Loitering Missile,Israel,Israel,Loitering Munition,Strike,2.5,150.0,HE blast,300.0,300.0,2020.0,Active,Ground/air-launched,0.2,30,Propeller engine,Long-range loitering munition; can orbit for hours before striking,,Medium Range,2020
ISR030,RA'AM,Heavy Missile Family,Israel,Israel,Heavy Air-to-Surface Missile,Strike,4.5,1200.0,HE penetration,100.0,100.0,1980.0,Active,Air-launched,0.4,300,Solid propellant,Heavy air-to-surface missile family for IAF,,Short Range,1980
ISR006,RAMPAGE,Air-Launched Missile,Israel,Israel,Air-to-Surface Missile,Strike,4.7,570.0,High explosive,150.0,250.0,2020.0,Active,Air-launched,0.3,150,Solid propellant,Based on ground-launched artillery rocket technology,,Short Range,2020
ISR004,ROCKS,Air-Launched Ballistic Missile,Israel,Israel,Air-Launched Ballistic Missile,Strike,5.0,,Blast-fragmentation/Penetration,250.0,250.0,2020.0,Active,Air-launched,0.5,500,Solid propellant,3m CEP accuracy; INS/GPS + electro-optical guidance,,Short Range,2020
ISR026,Sea Breaker,5th Gen Missile,Israel,Israel,Long-Range Precision Missile,Strike,4.0,400.0,HE blast/penetration,300.0,300.0,2023.0,Active,"Ship, ground-launched",0.3,100,Turbojet,5th generation autonomous missile; advanced target recognition,,Medium Range,2020
ISR019,Sparrow Family,Silver Sparrow,Israel,Israel,Target Missile,Target/Test,8.3,3100.0,Test instrumentation,2000.0,2000.0,2000.0,Active,Air-launched,0.8,,Two-stage solid propellant,Family of target missiles simulating ballistic threats for Arrow testing,,Intermediate Range,2000
ISR025,Spike NLOS,Long-Range Missile,Israel,Israel,Multi-Purpose Guided Missile,Strike,1.7,70.0,"HEAT, HE blast, penetration",32.0,32.0,2010.0,Active,"Ground, air, sea-launched",0.17,8,Solid propellant,Non-line-of-sight precision missile; fiber-optic/RF guidance,,Short Range,2010
ISR010,Barak 8,LRSAM,Israel/India,Israel/India,Surface-to-Air Missile,Interceptor,4.5,275.0,HE blast-fragmentation,70.0,100.0,2017.0,Active,"Ship, ground-launched",0.2,60,Two-stage solid propellant,Long-range SAM; developed with DRDO,,Short Range,2010
ISR016,Arrow 2,Hetz 2,Israel/US,Israel,Upper-Tier Air Defense,Interceptor,6.8,1300.0,Fragmentation warhead,90.0,90.0,2000.0,Active,Ground-launched,0.8,,Two-stage solid propellant,Terminal phase interception in upper atmosphere; altitude 50km,,Short Range,2000
ISR017,Arrow 3,Hetz 3,Israel/US,Israel,Exo-Atmospheric Air Defense,Interceptor,6.8,1400.0,Kinetic hit-to-kill,2400.0,2400.0,2017.0,Active,Ground-launched,0.8,,Three-stage solid propellant,Exo-atmospheric interception; altitude 100km+; hypersonic interceptor,,Intermediate Range,2010
ISR018,Arrow 4,Hetz 4,Israel/US,Israel,Next-Generation Air Defense,Interceptor,7.0,1500.0,Kinetic hit-to-kill,3000.0,3000.0,2025.0,In development,Ground-launched,0.8,,Advanced solid propellant,Advanced version of Arrow 3 with enhanced capabilities,,Intermediate Range,2020
ISR014,David's Sling,Stunner,Israel/US,Israel,Medium-Range Air Defense,Interceptor,4.6,280.0,Kinetic hit-to-kill,40.0,300.0,2017.0,Active,Ground-launched,0.3,,Two-stage solid propellant,Co-developed with Raytheon; hit-to-kill technology,,Medium Range,2010
ISR015,David's Sling,SkyCeptor,Israel/US,Israel,Medium-Range Air Defense,Interceptor,4.6,280.0,Kinetic hit-to-kill,40.0,300.0,2017.0,Active,Ground-launched,0.3,,Two-stage solid propellant,Export version of Stunner,,Medium Range,2010
GBR011,Naval Strike Missile,NSM,Norway/UK,UK,Anti-Ship/Land-Attack Missile,Strike,3.96,407.0,HE,200.0,200.0,2025.0,Active,Ship,0.32,125,Turbojet,Replaces Harpoon,,Short Range,2020
PAK005,Ababeel,,Pakistan,Pakistan,Medium-Range Ballistic Missile with MIRV,Strike,,,Nuclear,2200.0,2200.0,2017.0,Active,Ground,,,,Solid propellant,Multiple independently targetable warheads; response to Indian BMD,Intermediate Range,2010
PAK016,Abdali,Hatf-II,Pakistan,Pakistan,Short-Range Ballistic Missile,Strike,,,Nuclear/Conventional,180.0,200.0,2002.0,Active,Ground,,,,Solid propellant,Tactical battlefield role,Short Range,2000
PAK028,Anza Mk-I/II/III,,Pakistan,Pakistan,Man-Portable Air Defense System,MAMPADS,1.5,,HE fragmentation,4.0,6.0,1995.0,Active,Man-portable,0.072,,Solid propellant,Indigenous MANPADS; Mk-III most advanced,,Short Range,1990
PAK010,Babur,Hatf-VII,Pakistan,Pakistan,Land-Attack Cruise Missile,Strike,,,Nuclear/Conventional,350.0,700.0,2005.0,Active,Ground,,,,Turbojet,Multiple variants including Block 2 with stealth features,Medium Range,2000
PAK011,Babur-3,,Pakistan,Pakistan,Submarine-Launched Cruise Missile,Strike,,,Nuclear,450.0,450.0,2017.0,Active,Submarine,,,,Turbojet,Nuclear second-strike capability; tested from submerged platform,Medium Range,2010
PAK003,Fatah-4,,Pakistan,Pakistan,Ground-Launched Cruise Missile,Strike,,1530.0,HE,750.0,750.0,2025.0,Active,Ground,,,,Turbojet,5m CEP accuracy; carries 3 canisters per TEL,Medium Range,2020
PAK030,Fatah-I,,Pakistan,Pakistan,Guided Artillery Rocket,Strike,,,HE,120.0,150.0,2023.0,Active,Ground,,,Solid propellant,First of Fatah series; INS+GPS,,Short Range,2020
PAK017,Fatah-II,,Pakistan,Pakistan,Guided Ballistic Missile,Strike,,,Conventional/low-yield nuclear,400.0,400.0,2025.0,Active,Ground,,,,Solid propellant,Hypersonic precision-guided,Medium Range,2020
PAK031,Fatah-II (early version),,Pakistan,Pakistan,Guided Artillery Rocket,Strike,,,HE,120.0,120.0,2024.0,Active,Ground,,,Solid propellant,Tested during Ex Indus 2024,,Short Range,2020
PAK006,Ghauri,Hatf-V,Pakistan,Pakistan,Medium-Range Ballistic Missile,Strike,15.9,,Nuclear/Conventional,1250.0,1500.0,1998.0,Active,Ground,1.35,,Liquid propellant,Based on North Korean Nodong design; covers major Indian cities,,Intermediate Range,1990
PAK009,Ghauri-II,,Pakistan,Pakistan,Medium-Range Ballistic Missile,Strike,,,Nuclear/Conventional,2000.0,2000.0,2002.0,Active,Ground,,,,Liquid propellant,Upgraded Ghauri variant,Intermediate Range,2000
PAK015,Ghaznavi,Hatf-III,Pakistan,Pakistan,Short-Range Ballistic Missile,Strike,,,Nuclear/Conventional,290.0,320.0,2004.0,Active,Ground,,,,Solid propellant,Rapid launch capability,Medium Range,2000
PAK027,Green Arrow,,Pakistan,Pakistan,Anti-Tank Guided Missile,ATGM,,,HEAT,3.0,4.0,2010.0,Active,Man-portable/Vehicle,,,Solid propellant,Licensed Baktar Shikan variant,,Short Range,2010
PAK029,Hafr-1,,Pakistan,Pakistan,Artillery Rocket,Strike,,,HE/cluster,50.0,70.0,2010.0,Active,Ground,,,Solid propellant,Part of MLRS inventory,,Short Range,2010
PAK019,Harba,,Pakistan,Pakistan,Ship-Launched Cruise Missile,Strike,,,HE,300.0,450.0,2017.0,Active,Naval,,,,Turbojet,Enhances naval strike capabilities,Medium Range,2010
PAK020,Hatf-I,,Pakistan,Pakistan,Short-Range Ballistic Missile,Strike,6.0,,Conventional,70.0,100.0,1995.0,Active,Ground,0.56,,Solid propellant,Earliest Pakistani SRBM,,Short Range,1990
PAK014,Nasr,Hatf-IX,Pakistan,Pakistan,Tactical Nuclear Weapon,Strike,,,Nuclear,60.0,70.0,2011.0,Active,Ground,,,,Solid propellant,Battlefield weapon; full-spectrum deterrence; quick response,Short Range,2010
PAK012,Ra'ad,Hatf-VIII,Pakistan,Pakistan,Air-Launched Cruise Missile,Strike,,,Nuclear,350.0,350.0,2007.0,Active,Air,,,,Turbojet,Stand-off range weapon,Medium Range,2000
PAK013,Ra'ad-II,,Pakistan,Pakistan,Air-Launched Cruise Missile,Strike,,,Nuclear/Conventional,600.0,600.0,2016.0,Active,Air,,,,Turbojet,Improved guidance and range,Medium Range,2010
PAK001,SMASH,,Pakistan,Pakistan,Hypersonic Anti-Ship Ballistic Missile,Strike,,,HE,290.0,350.0,2025.0,Active,Ship,,,,Single-stage dual-thrust solid,Mach 2+ terminal; dual-role anti-ship/land-attack,Medium Range,2020
PAK008,Shaheen-I,,Pakistan,Pakistan,Short-Range Ballistic Missile,Strike,,,Nuclear/Conventional,750.0,750.0,1999.0,Active,Ground,,,,Solid propellant,Cover eastern India,Medium Range,1990
PAK007,Shaheen-II,,Pakistan,Pakistan,Medium-Range Ballistic Missile,Strike,,,Nuclear/Conventional,2000.0,2000.0,2004.0,Active,Ground,,,,Solid propellant,Improved accuracy over Shaheen-I,Intermediate Range,2000
PAK004,Shaheen-III,,Pakistan,Pakistan,Medium-Range Ballistic Missile,Strike,,,Nuclear/Conventional,2750.0,2750.0,2015.0,Active,Ground,,,,Solid propellant,Pakistan's longest-range missile; covers all of India,Intermediate Range,2010
PAK018,Zarb,,Pakistan,Pakistan,Anti-Ship Cruise Missile,Strike,,,HE,280.0,300.0,2016.0,Active,Coastal defence/Ship,,,,Turbojet,Coastal defence; sea-skimming capability,Medium Range,2010
RUS012,3M-14 Kalibr,SS-N-30A,Russia,Russia,Land-Attack Cruise Missile,Strike,6.2,1600.0,HE or nuclear,1500.0,2500.0,2012.0,Active,"Ship, submarine",0.53,450,Turbojet,Club-K containerized variant,,Intermediate Range,2010
RUS014,3M-14S,,Russia,Russia,Nuclear Land-Attack Cruise Missile,Strike,6.2,1700.0,Nuclear,2500.0,2500.0,2020.0,Active,"Ship, submarine",0.53,450,Turbojet,Nuclear-armed Kalibr variant,,Intermediate Range,2020
RUS013,3M-54 Kalibr,SS-N-27A,Russia,Russia,Anti-Ship Cruise Missile,Strike,8.2,1950.0,HE,440.0,660.0,2012.0,Active,"Ship, submarine",0.53,400,Turbojet + booster,Supersonic terminal variant,,Medium Range,2010
RUS021,3M22 Zircon,SS-N-33,Russia,Russia,Hypersonic Cruise Missile,Strike,9.0,4000.0,HE or nuclear,1000.0,1500.0,2022.0,Active,"Ship, submarine",0.6,,Scramjet/Solid booster,First operational scramjet missile,,Intermediate Range,2020
RUS022,9K720 Iskander-1000,,Russia,Russia,Theater Ballistic Missile,Strike,7.2,3800.0,HE or nuclear,1000.0,1000.0,2025.0,In development,Road-mobile,0.92,800,Solid,Extended-range Iskander variant,,Intermediate Range,2020
RUS020,9M720 Izdeliye-30,,Russia,Russia,Air-Launched Cruise Missile,Strike,6.0,2500.0,HE,1500.0,1500.0,2025.0,Active,Air-launched,0.5,800,Turbojet,Lower-cost Kh-101 alternative,,Intermediate Range,2020
RUS009,9M723 Iskander-M,SS-26 Stone,Russia,Russia,Short-Range Ballistic Missile,Strike,7.2,3800.0,"HE, cluster, penetrating, nuclear",500.0,500.0,2006.0,Active,Road-mobile,0.92,800,Single-stage solid,Multiple warhead variants,,Medium Range,2000
RUS010,9M728 Iskander-K,SSC-7,Russia,Russia,Land-Attack Cruise Missile,Strike,7.2,2000.0,HE or cluster,500.0,500.0,2010.0,Active,Road-mobile,0.5,480,Turbojet,Compatible with Iskander launcher,,Medium Range,2010
RUS011,9M729 Iskander-K,SSC-8,Russia,Russia,Land-Attack Cruise Missile,Strike,8.0,2000.0,HE or nuclear,1500.0,2000.0,2015.0,Active,Road-mobile,0.5,500,Turbojet,Extended range variant; INF Treaty violation cited,,Intermediate Range,2010
RUS024,9M79 Tochka-U,SS-21 Scarab,Russia,Russia,Short-Range Ballistic Missile,Strike,6.4,2010.0,HE/cluster/nuclear,120.0,185.0,1989.0,Operational Limited,Road-mobile,0.65,482,Single-stage solid,Being replaced by Iskander,,Short Range,1980
RUS027,Grom-1,,Russia,Russia,Air-to-Surface Missile,Strike,3.5,600.0,HE,200.0,200.0,2025.0,Active,Air-launched,0.3,300,Solid,Hybrid bomb-missile,,Short Range,2020
RUS015,Kh-101,AS-23A Kodiak,Russia,Russia,Air-Launched Cruise Missile,Strike,7.45,2400.0,HE,2800.0,4500.0,2013.0,Active,Air-launched,0.74,400,Turbofan,Stealthy design; over 260 in inventory,,Long Range,2010
RUS016,Kh-102,AS-23B,Russia,Russia,Air-Launched Cruise Missile,Nuclear Strike,7.45,2400.0,Nuclear,2800.0,4500.0,2013.0,Active,Air-launched,0.74,,Turbofan,Nuclear-armed Kh-101 variant,,Long Range,2010
RUS018,Kh-22,AS-4 Kitchen,Russia,Russia,Anti-Ship Cruise Missile,Strike,11.65,5780.0,HE or nuclear,600.0,600.0,1962.0,Active,Air-launched,0.92,1000,Liquid,280+ Kh-22/Kh-32 in inventory,,Medium Range,1960
RUS019,Kh-32,AS-4A Modernized,Russia,Russia,Anti-Ship Cruise Missile,Strike,11.65,6000.0,HE or nuclear,1000.0,1000.0,2016.0,Active,Air-launched,0.92,500,Liquid,Modernized Kh-22; high-altitude approach,,Intermediate Range,2010
RUS023,Kh-35U,AS-20 Kayak,Russia,Russia,Anti-Ship Cruise Missile,Strike,4.4,565.0,HE,260.0,300.0,2005.0,Active,"Air, ship, ground",0.42,145,Turbojet,Export as Uran-E,,Medium Range,2000
RUS017,Kh-47M2 Kinzhal,AS-24 Killjoy,Russia,Russia,Air-Launched Ballistic Missile,Hypersonic Strike,8.0,4300.0,HE or nuclear,2000.0,3000.0,2017.0,Active,Air-launched,1.0,480,Solid,Air-launched Iskander derivative; Mach 10-12,,Intermediate Range,2010
RUS025,Kh-55,AS-15 Kent,Russia,Russia,Air-Launched Cruise Missile,Strike,6.04,1700.0,Nuclear,2500.0,3000.0,1983.0,Operational Limited,Air-launched,0.77,410,Turbofan,Basis for Kh-101 development,,Intermediate Range,1980
RUS026,Kh-555,AS-15B,Russia,Russia,Air-Launched Cruise Missile,Strike,6.04,1700.0,HE or cluster,2000.0,3500.0,2005.0,Active,Air-launched,0.77,400,Turbofan,Conventional Kh-55 conversion,,Long Range,2000
RUS002,R-36M2 Voyevoda,SS-18 Satan,Russia,Russia,Intercontinental Ballistic Missile,Strike,34.3,211000.0,Nuclear,11000.0,16000.0,1988.0,Active,Silo-based,3.0,8750,Liquid,Heaviest ICBM ever developed,,Intercontinental Range,1980
RUS006,RS-24 Yars,SS-27 Mod 2,Russia,Russia,Intercontinental Ballistic Missile,Strike,23.0,49600.0,Nuclear,10500.0,12000.0,2009.0,Active,"Silo-based, road-mobile",2.0,1250,Three-stage solid,MIRV capability,,Intercontinental Range,2000
RUS007,RS-26 Rubezh,SS-X-31,Russia,Russia,Intermediate-Range Ballistic Missile,Strike,12.0,36000.0,Nuclear,5800.0,5800.0,2015.0,Active,Road-mobile,1.8,800,Solid,Controversial range,,Intercontinental Range,2010
RUS001,RS-28 Sarmat,SS-X-30 Satan II,Russia,Russia,Intercontinental Ballistic Missile,Strike,35.5,200000.0,Nuclear,10000.0,18000.0,2023.0,Active,Silo-based,3.0,10000,Liquid,World's longest-range ICBM; carries Avangard HGV,,Intercontinental Range,2020
RUS008,RSM-56 Bulava,SS-NX-32,Russia,Russia,Submarine-Launched Ballistic Missile,Strike,12.1,36800.0,Nuclear,8300.0,9300.0,2013.0,Active,Submarine,2.0,1150,Three-stage solid,Main SLBM for Russian Navy,,Intercontinental Range,2010
RUS004,RT-2PM Topol,SS-25 Sickle,Russia,Russia,Intercontinental Ballistic Missile,Strike,21.5,45100.0,Nuclear,10500.0,11000.0,1988.0,Active,Road-mobile,1.8,1000,Three-stage solid,First Soviet mobile ICBM,,Intercontinental Range,1980
RUS005,RT-2PM2 Topol-M,SS-27 Sickle-B,Russia,Russia,Intercontinental Ballistic Missile,Strike,22.7,47200.0,Nuclear,11000.0,11000.0,1997.0,Active,"Silo-based, road-mobile",1.9,1200,Three-stage solid,Deeply modernized Topol variant,,Intercontinental Range,1990
RUS028,S-300/400 series,,Russia,Russia,Surface-to-Air Missile,Interceptor,7.5,1900.0,HE fragmentation,200.0,400.0,1985.0,Active,Ground,0.5,150,Solid,Can engage ballistic and cruise missiles,,Medium Range,1980
RUS029,S-500 Prometheus,,Russia,Russia,Surface-to-Air/Anti-Ballistic Missile,Interceptor,8.0,2500.0,HE or nuclear,600.0,600.0,2021.0,Active,Ground,0.6,,Solid,Advanced ABM capability,,Medium Range,2020
RUS003,UR-100N,SS-19 Stiletto,Russia,Russia,Intercontinental Ballistic Missile,Strike,24.3,105600.0,Nuclear,9000.0,9000.0,1975.0,Active,Silo-based,2.5,4350,Liquid,Launch vehicle for Avangard HGV,,Intercontinental Range,1970
KOR012,Haeseong-1,SSM-700K,South Korea,South Korea,Anti-Ship Cruise Missile,Strike,5.0,800.0,High explosive,150.0,150.0,2005.0,Active,"Ship, ground-launched",0.4,250,Turbojet,Korean version of Harpoon; also called Sea Star,,Short Range,2000
KOR013,Haeseong-2,,South Korea,South Korea,Supersonic Cruise Missile,Strike,6.0,1200.0,High explosive,300.0,300.0,2015.0,Active,"Ship, submarine-launched",0.5,300,,Supersonic anti-ship cruise missile,,Medium Range,2010
KOR014,Haeseong-3,,South Korea,South Korea,Land-Attack Cruise Missile,Strike,6.5,1600.0,High explosive,1500.0,1500.0,2018.0,Active,"Ship, submarine-launched",0.5,500,Turbojet,Long-range land attack variant,,Intermediate Range,2010
KOR015,Haeseong-5,Yakhont-derived,South Korea,South Korea,Supersonic Anti-Ship Cruise Missile,Strike,8.0,2500.0,High explosive,300.0,300.0,2025.0,Active,Submarine-launched,0.7,300,Solid booster + ramjet,Derived from Russian Yakhont technology; can also strike land targets,,Medium Range,2020
KOR001,Hyunmoo-1,NHK-1,South Korea,South Korea,Short-Range Ballistic Missile,Strike,12.0,5000.0,High Explosive,150.0,180.0,1986.0,Obsolete,Road-mobile,0.8,500,Single-stage solid propellant,First South Korean indigenous missile; based on US Nike-Hercules technology,,Short Range,1980
KOR002,Hyunmoo-2A,NHK-2A,South Korea,South Korea,Short-Range Ballistic Missile,Strike,12.0,5400.0,"High explosive, submunitions",300.0,300.0,2008.0,Active,Road-mobile,0.9,997,Two-stage solid propellant,30m CEP accuracy; part of Kill Chain preemptive strike strategy,,Medium Range,2000
KOR003,Hyunmoo-2B,NHK-2B,South Korea,South Korea,Short-Range Ballistic Missile,Strike,12.0,5400.0,"High explosive, submunitions",500.0,500.0,2009.0,Active,Road-mobile,0.9,1000,Two-stage solid propellant,Improved range variant of Hyunmoo-2 family,,Medium Range,2000
KOR004,Hyunmoo-2C,NHK-2C,South Korea,South Korea,Short-Range Ballistic Missile,Strike,12.0,5400.0,"High explosive, submunitions",800.0,800.0,2015.0,Active,Road-mobile,0.9,1000,Two-stage solid propellant,Extended range variant with precision guidance,,Medium Range,2010
KOR005,Hyunmoo-3A,,South Korea,South Korea,Cruise Missile,Strike,6.0,1500.0,High explosive,500.0,500.0,2006.0,Active,"Ship, submarine, ground-launched",0.5,450,Turbojet,First South Korean cruise missile; Tomahawk-like design,,Medium Range,2000
KOR006,Hyunmoo-3B,,South Korea,South Korea,Cruise Missile,Strike,6.0,1500.0,High explosive,1000.0,1000.0,2009.0,Active,"Ship, submarine, ground-launched",0.5,450,Turbojet,Improved range variant,,Intermediate Range,2000
KOR007,Hyunmoo-3C,,South Korea,South Korea,Cruise Missile,Strike,6.0,1500.0,High explosive,1500.0,1500.0,2012.0,Active,"Ship, submarine, ground-launched",0.5,450,Turbojet,Longest-range Hyunmoo cruise missile; can reach targets across Northeast Asia,,Intermediate Range,2010
KOR008,Hyunmoo-3D,,South Korea,South Korea,Cruise Missile,Strike,6.0,1500.0,High explosive,1500.0,1500.0,2020.0,In development,"Ship, submarine, ground-launched",0.5,450,Turbojet,Advanced variant with enhanced stealth features,,Intermediate Range,2020
KOR009,Hyunmoo-4,,South Korea,South Korea,Short-Range Ballistic Missile,Strike,12.0,5400.0,High explosive,800.0,800.0,2017.0,Active,Road-mobile,0.9,1000,Two-stage solid propellant,Enhanced penetration capability for hardened targets,,Medium Range,2010
KOR010,Hyunmoo-4-4,,South Korea,South Korea,Submarine-Launched Ballistic Missile,Strike,12.0,5400.0,High explosive,500.0,500.0,2021.0,Active,Submarine-launched,0.9,1000,Two-stage solid propellant,First South Korean SLBM; launched from Dosan Ahn Changho-class submarine,,Medium Range,2020
KOR011,Hyunmoo-5,,South Korea,South Korea,Intermediate-Range Ballistic Missile,Strike,15.5,36000.0,Conventional high explosive; 8-9 ton penetrator,300.0,5000.0,2025.0,Active,Road-mobile,1.6,8500,Two-stage solid propellant,Monster missile' with 8-9 ton warhead; can penetrate 100m underground,,Long Range,2020
KOR016,KALCM Cheonryong,Celestial Dragon,South Korea,South Korea,Air-Launched Cruise Missile,Strike,6.0,1200.0,High explosive,400.0,400.0,2024.0,Active,Air-launched,0.5,450,Turbojet,Designed for FA-50 Block 20 and KF-21 fighters,,Medium Range,2020
KOR017,SASM,Air-to-Ship Missile II,South Korea,South Korea,Supersonic Air-to-Surface Missile,Strike,5.0,1000.0,High explosive,200.0,200.0,2025.0,In development,Air-launched,0.4,250,Ramjet,Multi-purpose supersonic system for anti-ship and ground targets,,Short Range,2020
TWN001,Chiang Kung,TK-4,Taiwan,Taiwan,Surface-to-Air Missile,Interceptor,7.0,2000.0,Directed-fragmentation,100.0,200.0,2025.0,Active,Ground-launched,0.5,,Two-stage solid propellant,Mid-tier layer for ballistic missile defense; interception altitude >70km,,Short Range,2020
TWN016,Chien Hsiang,Sword Phaser,Taiwan,Taiwan,Loitering Munition,Strike,2.2,60.0,HE fragmentation,500.0,500.0,2025.0,Active,"Ground-mobile, ship-launched",0.2,20,Electric motor,Anti-radiation drone; nearly 200 produced; locates and strikes enemy radars,,Medium Range,2020
TWN017,Hsiung Feng I,Bee I,Taiwan,Taiwan,Anti-Ship Missile,Strike,3.4,537.0,HE,35.0,35.0,1978.0,Obsolete,"Ship, coastal defense",0.34,150,Liquid rocket,First indigenous anti-ship missile; Israeli Gabriel derivative,,Short Range,1970
TWN011,Hsiung Feng II,Bee II,Taiwan,Taiwan,Subsonic Anti-Ship Cruise Missile,Strike,4.8,685.0,HE semi-armor piercing,148.0,200.0,1990.0,Active,"Ship, coastal defense, air-launched",0.4,190,Turbojet,Harpoon-equivalent; upgraded variants with advanced EW resistance,,Short Range,1990
TWN006,Hsiung Feng IIE,Thunderbolt IIE,Taiwan,Taiwan,Land-Attack Cruise Missile,Strike,6.0,1000.0,"HE, cluster, bunker-buster",300.0,1500.0,2008.0,Active,"Ground-mobile, Air-launched",0.5,363.5,Turbojet + solid booster,Secretive Tomahawk-like missile; TERCOM+GPS guidance,,Intermediate Range,2000
TWN010,Hsiung Feng III,Bee III,Taiwan,Taiwan,Supersonic Anti-Ship Missile,Strike,6.1,1450.0,HE semi-armor piercing,150.0,400.0,2007.0,Active,"Ship, coastal defense, air-launched",0.45,225,Ramjet + solid booster,Supersonic anti-ship missile; upgraded versions in production,,Medium Range,2000
TWN007,Hsiung Sheng,Extended-range HF-2E,Taiwan,Taiwan,Long-Range Land-Attack Cruise Missile,Strike,6.2,1200.0,"HE, Dispersal",1200.0,1200.0,2024.0,Active,Ground-mobile,0.5,450,Turbojet + solid booster,Extended-range variant of HF-2E; over 100 units produced; Mach 0.85,,Intermediate Range,2020
TWN020,Land-Based Hsiung Feng IIE,Coastal Defense Cruise Missile,Taiwan,Taiwan,Land-Attack Cruise Missile,Strike,6.0,1000.0,HE/bunker-buster,600.0,600.0,2010.0,Active,Ground-mobile,0.5,400,Turbojet + booster,Coastal defense variant; 500+ units in service,,Medium Range,2010
TWN018,Qing Feng,Green Bee,Taiwan,Taiwan,Short-Range Ballistic Missile,Strike,6.0,1500.0,HE,100.0,120.0,1981.0,Obsolete,Ground-mobile,0.6,400,Solid propellant,First Taiwanese ballistic missile; based on US MGM-52 Lance technology,,Short Range,1980
TWN015,Tien Chien I,Sky Sword I,Taiwan,Taiwan,Short-Range Air-to-Air Missile,Interceptor,2.9,90.0,HE blast-fragmentation,8.0,8.0,1993.0,Active,Air-launched,0.13,10,Solid propellant,AIM-9L equivalent; infrared homing,,Short Range,1990
TWN014,Tien Chien II,Sky Sword II,Taiwan,Taiwan,Medium-Range Air-to-Air Missile,Interceptor,3.6,184.0,HE blast-fragmentation,60.0,60.0,1999.0,Active,Air-launched,0.2,22,Solid propellant,Active radar homing; BVR capability,,Short Range,1990
TWN013,Tien Chien IIA,Sky Sword IIA,Taiwan,Taiwan,Air-Launched Anti-Radiation Missile,Strike,3.6,184.0,HE fragmentation,50.0,100.0,2015.0,Active,Air-launched,0.2,22,Solid propellant,HARM-equivalent; passive radar seeker,,Short Range,2010
TWN019,Tien Kung I,Sky Bow I,Taiwan,Taiwan,Surface-to-Air Missile,Interceptor,5.5,870.0,HE,40.0,40.0,1993.0,Active,Ground-launched,0.4,,Solid propellant,First indigenous SAM; being phased out,,Short Range,1990
TWN002,Tien Kung III,TK-3,Taiwan,Taiwan,Surface-to-Air Missile,Interceptor,5.3,900.0,High explosive,45.0,200.0,2015.0,Active,Ground-launched,0.4,,Two-stage solid propellant,Maximum engagement altitude 45km; part of T-Dome network,,Short Range,2010
TWN012,Wan Chien,Ten Thousand Swords,Taiwan,Taiwan,Air-Launched Stand-Off Weapon,Strike,4.0,500.0,Cluster munitions/HE,70.0,200.0,2020.0,Active,Air-launched,0.4,200,Turbojet,Glide bomb with wings; GPS/INS guidance; 150 missiles produced,,Short Range,2020
TWN009,Yun Feng 1,Cloud Peak 1,Taiwan,Taiwan,Hypersonic Cruise Missile,Strike,7.5,1800.0,"Semi-armor piercing HE, fragmentation",1200.0,2000.0,2019.0,Active,Ground-mobile,0.7,250,Two-stage solid rocket,Speed up to Mach 3.5; 20 missiles initially produced,,Intermediate Range,2010
TWN008,Yun Feng 2,Cloud Peak 2,Taiwan,Taiwan,Hypersonic Cruise Missile,Strike,8.0,2000.0,,2000.0,2000.0,2025.0,Active,Ground-mobile,0.7,,Scramjet/Ramjet,Hypersonic missile; Mach 6; mass production began Dec 2024,,Intermediate Range,2020
GBR015,ASRAAM,AIM-132,UK,UK,Short-Range Air-to-Air Missile,AAM,2.9,88.0,HE blast-fragmentation,25.0,50.0,1998.0,Active,Air-launched,0.166,10,Solid,LOAL capability; F-35 integration,,Short Range,1990
GBR019,Blue Steel,,UK,UK,Stand-off Nuclear Missile,Nuclear Strike,10.7,7270.0,Nuclear,240.0,240.0,1963.0,Retired,Air-launched,0.9,,Liquid,UK's only indigenous nuclear stand-off missile,,Short Range,1960
GBR020,Blue Streak,,UK,UK,Intermediate-Range Ballistic Missile,Strike,18.8,90000.0,Nuclear,3700.0,3700.0,1960.0,Cancelled,Silo-based,3.05,,Liquid,Became space launcher,,Long Range,1960
GBR004,Brimstone,,UK,UK,Air-to-Surface Missile,Strike,1.8,50.0,HE tandem shaped charge,20.0,60.0,2005.0,Active,Air-launched,0.18,,Solid,"60,000+ produced; dual-mode seeker",,Short Range,2000
GBR007,CAMM,Land Ceptor,UK,UK,Surface-to-Air Missile,Interceptor,3.2,99.0,HE blast/fragmentation,25.0,25.0,2018.0,Active,Ground,0.166,,Solid cold launch,Can hit tennis-ball target @ Mach 2,,Short Range,2010
GBR021,Chevaline,,UK,UK,MRV upgrade system,Strike,,,,4600.0,4600.0,1982.0,Retired,Submarine,,,Solid,Polaris upgrade; 2 warheads + decoys,,Long Range,1980
GBR006,Martlet,LMM,UK,UK,Lightweight Multirole Missile,Strike,1.4,13.0,HE blast/fragmentation,6.0,9.0,2020.0,Active,"Helicopter, ground, ship",0.076,,Solid,"1,000+ to Ukraine",,Short Range,2020
GBR013,Rapier,,UK,UK,Surface-to-Air Missile,Interceptor,2.24,45.0,HE blast fragmentation,8.2,8.2,1971.0,Retired,Ground,0.133,1.4,Solid,Replaced by Sky Sabre,,Short Range,1970
GBR003,SPEAR,,UK,UK,Miniature Cruise Missile,Strike,1.8,100.0,HE penetrating,100.0,100.0,2025.0,In development,Air-launched,0.18,,Turbojet,Can carry 8 on F-35; autonomous targeting,,Short Range,2020
GBR018,SPEAR 3,,UK,UK,Miniature Cruise Missile,Strike,1.8,100.0,HE penetrating,100.0,100.0,2025.0,Active,Air-launched,0.18,,Turbojet,SPEAR 3 Block 1 IOC achieved,,Short Range,2020
GBR009,Sea Ceptor,CAMM,UK,UK,Surface-to-Air Missile,Interceptor,3.2,99.0,HE blast/fragmentation,25.0,25.0,2016.0,Active,Ship,0.166,,Solid cold launch,Replaces Sea Wolf; VLS launched,,Short Range,2010
GBR025,Sea Dart,,UK,UK,Surface-to-Air Missile,Interceptor,4.4,550.0,HE,75.0,150.0,1973.0,Retired,Ship,0.42,,Ramjet,Replaced by Sea Viper,,Short Range,1970
GBR026,Sea Wolf,,UK,UK,Surface-to-Air Missile,Interceptor,2.0,82.0,HE,6.0,10.0,1979.0,Retired,Ship,0.18,,Solid,Replaced by Sea Ceptor,,Short Range,1970
GBR014,Starstreak,,UK,UK,Short-Range Air Defense,MAMPADS,1.4,20.0,3 kinetic penetrators,5.0,7.0,1997.0,Active,Man-portable/Stormer,0.13,,Solid,High-velocity; LMM supplementing,,Short Range,1990
GBR017,Sting Ray,,UK,UK,Lightweight Torpedo,ASW,2.6,267.0,HE shaped charge,11.0,11.0,1983.0,Active,Air/ship-launched,0.324,45,Solid-fuel piston,Being replaced,,Short Range,1980
GBR016,Meteor,,UK/Europe,UK,Beyond Visual Range Air-to-Air Missile,AAM,3.7,190.0,HE blast-fragmentation,100.0,200.0,2016.0,Active,Air-launched,0.178,,Ramjet,Throttleable ducted rocket,,Short Range,2010
GBR005,Sea Venom,,UK/France,UK,Anti-Ship Missile,Strike,2.5,110.0,HE blast/fragmentation,20.0,20.0,2025.0,Active,Helicopter-launched,0.2,,Solid,Replaces Sea Skua,,Short Range,2020
GBR010,Sea Viper,Aster 15/30,UK/France,UK,Surface-to-Air Missile,Interceptor,4.2,310.0,HE blast-fragmentation,30.0,120.0,2013.0,Active,Ship,0.18,,Solid,PAAMS system,,Short Range,2010
GBR001,Storm Shadow,,UK/France,UK,Air-Launched Cruise Missile,Strike,5.1,1300.0,HE penetrating,250.0,560.0,2002.0,Active,Air-launched,0.48,450,Turbojet,Conventional stand-off missile,,Medium Range,2000
GBR008,CAMM-ER,,UK/Italy,UK,Surface-to-Air Missile,Interceptor,4.0,160.0,HE blast/fragmentation,45.0,45.0,2024.0,Active,Ground,0.19,,Solid,Extended range variant,,Short Range,2020
GBR024,NLAW,MBT LAW,UK/Sweden,UK,Anti-Tank Guided Missile,ATGM,1.02,12.5,HE shaped charge,0.6,1.0,2009.0,Active,Man-portable,0.15,,Solid,Overfly top-attack; disposable,,Short Range,2000
GBR012,Harpoon,RGM-84,US,UK,Anti-Ship Missile,Strike,4.63,691.0,HE,130.0,130.0,1985.0,Being replaced,Ship,0.34,221,Turbojet,Being replaced by NSM,,Short Range,1980
GBR023,Polaris A3,UGM-27C,US,UK,Submarine-Launched Ballistic Missile,Strike,9.6,16000.0,Nuclear,4600.0,4600.0,1968.0,Retired,Submarine,1.37,,2-stage solid,Chevaline retrofitted,,Long Range,1960
GBR022,Trident II D5,UGM-133,US,UK,Submarine-Launched Ballistic Missile,Strike,13.5,59000.0,Nuclear,12000.0,12000.0,1994.0,Active,Submarine,2.11,2800,3-stage solid,UK nuclear deterrent; leased from US,,Intercontinental Range,1990
GBR002,Tomahawk,RGM/UGM-109,US/UK,UK,Land-Attack Cruise Missile,Strike,5.56,1500.0,HE or submunitions,1600.0,1600.0,1999.0,Active,Ship (submarine),0.52,450,Turbofan,RN Astute/Trafalgar-class SSNs,,Intermediate Range,1990
TWN005,FIM-92 Stinger,MANPADS,USA,Taiwan,Short-Range Air Defense,Interceptor,1.5,15.2,HE blast-fragmentation,4.0,8.0,1985.0,Active,"Man-portable, vehicle-mounted, air-launched",0.07,3,Solid propellant,"Full family operated: MANPADS, Avenger, dual-mount tripod",,Short Range,1980
TWN004,Patriot PAC-3,PAC-3 CRI,USA,Taiwan,Surface-to-Air Missile,Interceptor,5.2,312.0,Hit-to-Kinetic,20.0,40.0,2007.0,Active,Ground-launched,0.25,,Solid propellant,Older Patriot variant being supplemented by MSE version,,Short Range,2000
USA005,AGM-114 Hellfire,,USA,USA,Air-to-Surface Missile,Strike,1.63,47.0,"HE, shaped charge, blast-fragmentation",7.0,11.0,1985.0,Active,Air-launched,0.178,,Solid rocket motor,Numerous variants for different platforms,,Short Range,1980
USA017,AGM-129 ACM,,USA,USA,Air-Launched Cruise Missile,Strike,6.35,1680.0,Nuclear,3700.0,3700.0,1990.0,Obsolete,Air-launched,0.71,,Turbofan,Stealthy cruise missile for B-52; retired under New START,,Long Range,1990
USA019,AGM-158 JASSM,,USA,USA,Air-Launched Cruise Missile,Strike,4.27,1020.0,High-explosive,370.0,1000.0,2003.0,Active,Air-launched,0.55,450,Turbojet,JASSM-ER extended range; stealthy,,Intermediate Range,2000
USA049,AGM-28 Hound Dog,,USA,USA,Air-Launched Cruise Missile,Strike,12.9,4600.0,Nuclear,1200.0,1200.0,1960.0,Obsolete,Air-launched,0.71,,Turbojet,Carried by B-52,,Intermediate Range,1960
USA029,AGM-45 Shrike,,USA,USA,Anti-Radiation Missile,Strike,3.05,177.0,High-explosive blast-fragmentation,40.0,160.0,1965.0,Obsolete,Air-launched,0.2,,Solid rocket,First dedicated ARM; used in Vietnam,,Short Range,1960
USA028,AGM-65 Maverick,,USA,USA,Air-to-Surface Missile,Strike,2.56,255.0,"High-explosive, shaped charge, penetrator",22.0,27.0,1972.0,Active,Air-launched,0.3,125,Solid rocket,"Many variants; EO, Laser, or IIR guidance",,Short Range,1970
USA050,AGM-69 SRAM,,USA,USA,Short-Range Attack Missile,Strike,4.25,1010.0,Nuclear,160.0,560.0,1972.0,Obsolete,Air-launched,0.45,,Solid,"Standoff missile for B-52, FB-111",,Medium Range,1970
USA018,AGM-86 ALCM,,USA,USA,Air-Launched Cruise Missile,Strike,6.32,1430.0,Nuclear,1300.0,1300.0,1982.0,Active,Air-launched,0.69,,Turbofan,CALCM conventional variant used in combat,,Intermediate Range,1980
USA030,AGM-88 HARM,,USA,USA,Anti-Radiation Missile,Strike,4.14,354.0,High-explosive blast-fragmentation,150.0,150.0,1985.0,Active,Air-launched,0.25,66,Solid rocket,Standard ARM for US and allies,,Short Range,1980
USA022,AIM-120 AMRAAM,,USA,USA,Air-to-Air Missile,AAM,3.66,152.0,High-explosive blast-fragmentation,50.0,180.0,1991.0,Active,Air-launched,0.178,,Solid rocket,Standard medium-range AAM for US and allies,,Short Range,1990
USA023,AIM-54 Phoenix,,USA,USA,Air-to-Air Missile,AAM,4.0,460.0,High-explosive,190.0,190.0,1974.0,Obsolete,Air-launched,0.38,61,Solid rocket,Carried by F-14; very long range,,Short Range,1970
USA045,AIM-7 Sparrow,,USA,USA,Air-to-Air Missile,AAM,3.66,230.0,High-explosive blast-fragmentation,22.0,50.0,1956.0,Obsolete,Air-launched,0.2,,Solid rocket,Replaced by AMRAAM in most roles,,Short Range,1950
USA021,AIM-9 Sidewinder,,USA,USA,Air-to-Air Missile,AAM,3.0,88.0,High-explosive,18.0,35.0,1956.0,Active,Air-launched,0.127,9.5,Solid rocket,Most widely used AAM in West; many variants,,Short Range,1950
USA006,BGM-71 TOW,,USA,USA,Anti-Tank Guided Missile,ATGM,1.34,,Shaped charge,3.75,4.5,1970.0,Active,"Ground, vehicle",0.152,,Solid rocket motor,"Tube-launched, Optically tracked, Wire-guided",,Short Range,1970
USA044,CIM-10 Bomarc,,USA,USA,Surface-to-Air Missile,Interceptor,14.2,7000.0,Nuclear,450.0,1000.0,1959.0,Obsolete,Ground,0.89,,Ramjet with solid booster,Long-range area defense,,Intermediate Range,1950
USA004,FGM-148 Javelin,,USA,USA,Anti-Tank Guided Missile,ATGM,1.1,22.3,Tandem-shaped charge,4.0,4.0,1996.0,Active,Man-portable,0.127,,Soft-launch then rocket,"Fire-and-forget, top-attack capability",,Short Range,1990
USA025,FIM-92 Stinger,,USA,USA,Man-Portable Air Defense System,MAMPADS,1.52,15.2,High-explosive blast-fragmentation,4.8,8.0,1981.0,Active,Man-portable,0.07,3,Solid rocket,Widely used MANPADS,,Short Range,1980
USA033,LGM-118A Peacekeeper,,USA,USA,Intercontinental Ballistic Missile,Strike,21.8,88500.0,Nuclear,9600.0,9600.0,1986.0,Obsolete,Silo-based,2.33,3950,3-stage solid,Most advanced US ICBM; retired under START,,Intercontinental Range,1980
USA032,LGM-25C Titan II,,USA,USA,Intercontinental Ballistic Missile,Strike,31.3,154000.0,Nuclear,15000.0,15000.0,1963.0,Obsolete,Silo-based,3.05,,Liquid,Longest-range US ICBM; later used as space launcher,,Intercontinental Range,1960
USA013,LGM-30G Minuteman III,,USA,USA,Intercontinental Ballistic Missile,Strike,18.3,35500.0,Nuclear,13000.0,13000.0,1970.0,Active,Silo-based,1.67,1150,3-stage solid,Only land-based ICBM in US arsenal; part of nuclear triad,,Intercontinental Range,1970
USA042,LIM-49 Nike Zeus,,USA,USA,Anti-Ballistic Missile,Interceptor,14.7,,Nuclear,400.0,400.0,1960.0,Obsolete,Ground,2.44,,3-stage solid,Designed to intercept ICBMs; limited deployment,,Medium Range,1960
USA027,M47 Dragon,,USA,USA,Anti-Tank Guided Missile,ATGM,1.15,14.0,Shaped charge,1.5,1.5,1975.0,Obsolete,Man-portable,0.14,,Solid rocket,Replaced by Javelin,,Short Range,1970
USA011,MGM-140 ATACMS,,USA,USA,Short-Range Ballistic Missile,Strike,4.0,1670.0,"High-explosive, submunitions, unitary",165.0,300.0,1991.0,Active,Ground-launched,0.61,560,Solid rocket motor,Used in M270 MLRS and HIMARS,,Medium Range,1990
USA039,MGM-18 Lacrosse,,USA,USA,Short-Range Ballistic Missile,Strike,5.85,1040.0,Nuclear or conventional,32.0,32.0,1959.0,Obsolete,Ground,0.52,,Solid,Inaccurate; phased out,,Short Range,1950
USA035,MGM-31 Pershing,,USA,USA,Ballistic Missile,Strike,10.6,5950.0,Nuclear,740.0,1770.0,1962.0,Obsolete,Ground,1.0,,2-stage solid,"Pershing 1a (SRBM), Pershing 2 (MRBM); eliminated by INF Treaty",,Intermediate Range,1960
USA036,MGM-52 Lance,,USA,USA,Short-Range Ballistic Missile,Strike,6.17,1410.0,Nuclear or conventional,130.0,130.0,1972.0,Obsolete,Ground,0.56,,Liquid,Replaced by ATACMS,,Short Range,1970
USA037,MGR-1 Honest John,,USA,USA,Short-Range Ballistic Missile,Strike,7.6,2700.0,Nuclear or conventional,37.0,48.0,1953.0,Obsolete,Ground,0.76,,Solid,First US nuclear-armed tactical missile,,Short Range,1950
USA007,MIM-104 Patriot,,USA,USA,Surface-to-Air Missile,Interceptor,5.31,900.0,High-explosive blast-fragmentation,160.0,160.0,1984.0,Active,Ground,0.41,90,Solid rocket motor,"PAC-2, PAC-3 variants; cornerstone of theater air defense",,Short Range,1980
USA026,MIM-104D GEM,Guidance Enhanced,USA,USA,Surface-to-Air Missile,Interceptor,5.31,900.0,High-explosive blast-fragmentation,160.0,160.0,2005.0,Active,Ground,0.41,,Solid rocket,Patriot PAC-2 variant with improved seeker,,Short Range,2000
USA041,MIM-14 Nike Hercules,,USA,USA,Surface-to-Air Missile,Interceptor,12.1,4850.0,Nuclear or conventional,160.0,160.0,1958.0,Obsolete,Ground,0.8,,Solid booster & sustainer,Could also engage surface targets,,Short Range,1950
USA010,MIM-23 Hawk,,USA,USA,Surface-to-Air Missile,Interceptor,5.08,584.0,High-explosive blast-fragmentation,40.0,40.0,1960.0,Phased out,Ground,0.37,,2-stage solid,I-Hawk variants widely used by allies,,Short Range,1960
USA040,MIM-3 Nike Ajax,,USA,USA,Surface-to-Air Missile,Interceptor,6.4,1110.0,High-explosive,48.0,48.0,1954.0,Obsolete,Ground,0.3,,2-stage solid,First operational guided SAM,,Short Range,1950
USA024,MIM-72 Chaparral,,USA,USA,Surface-to-Air Missile,Interceptor,2.9,86.0,High-explosive blast-fragmentation,8.0,8.0,1969.0,Obsolete,Ground,0.127,,Solid rocket,Based on AIM-9D,,Short Range,1960
USA043,PGM-11 Redstone,,USA,USA,Short-Range Ballistic Missile,Strike,21.1,27800.0,Nuclear,325.0,325.0,1958.0,Obsolete,Ground,1.78,,Liquid,First large US ballistic missile; launched first US astronaut,,Medium Range,1950
USA034,PGM-17 Thor,,USA,USA,Intermediate-Range Ballistic Missile,Strike,19.8,49900.0,Nuclear,2400.0,3000.0,1958.0,Obsolete,Surface,2.44,,Liquid,First operational IRBM; deployed in UK,,Intermediate Range,1950
USA012,Precision Strike Missile,PrSM,USA,USA,Short-Range Ballistic Missile,Strike,4.0,,High-explosive,500.0,500.0,2023.0,Active,Ground-launched,,,Solid rocket motor,Replacing ATACMS; Increment 2 (anti-ship) in development,,Medium Range,2020
USA003,RGM/UGM-109 Tomahawk,,USA,USA,Land-Attack Cruise Missile,Strike,5.56,1500.0,"High-explosive, submunitions, bunker-buster",1600.0,1600.0,1983.0,Active,"Ship, submarine",0.52,450,Turbofan,Block V with improved Comms/Nav,,Intermediate Range,1980
USA020,RGM/UGM-84 Harpoon,,USA,USA,Anti-Ship Cruise Missile,Strike,4.63,605.0,High-explosive,90.0,280.0,1977.0,Active,Air/ship/sub/ground,0.34,221,Turbojet,Widely used by US and allies,,Short Range,1970
USA008,RIM-162 ESSM,RIM-162,USA,USA,Surface-to-Air Missile,Interceptor,3.66,280.0,High-explosive blast-fragmentation,50.0,50.0,2005.0,Active,Ship,0.254,39,Solid rocket motor,Quad-packable in Mk 41 VLS; Block II with active seeker,,Short Range,2000
USA047,RIM-2 Terrier,,USA,USA,Surface-to-Air Missile,Interceptor,8.1,1400.0,Nuclear or conventional,37.0,74.0,1956.0,Obsolete,Ship,0.34,,Solid rocket,Replaced by Standard Missile,,Short Range,1950
USA048,RIM-8 Talos,,USA,USA,Surface-to-Air Missile,Interceptor,9.8,3540.0,Nuclear or conventional,240.0,315.0,1958.0,Obsolete,Ship,0.71,,Ramjet with solid booster,Very long-range; later had anti-ship capability,,Medium Range,1950
USA038,RUR-5 ASROC,,USA,USA,Anti-Submarine Warfare,ASW,4.5,465.0,Nuclear depth charge or torpedo,22.0,22.0,1961.0,Active,Ship,0.33,,Solid rocket,Vertical launch variant; launches torpedo,,Short Range,1960
USA046,SM-62 Snark,,USA,USA,Intercontinental Cruise Missile,Strike,20.5,20000.0,Nuclear,10200.0,10200.0,1958.0,Obsolete,Ground,1.35,,Turbojet,First operational ICBM-range cruise missile,,Intercontinental Range,1950
USA031,SM-65 Atlas,,USA,USA,Intercontinental Ballistic Missile,Strike,25.1,130000.0,Nuclear,14000.0,14000.0,1959.0,Obsolete,Silo-based,3.05,,Liquid,First operational US ICBM,,Intercontinental Range,1950
USA014,UGM-133 Trident II D5,,USA,USA,Submarine-Launched Ballistic Missile,Strike,13.5,59000.0,Nuclear,12000.0,12000.0,1990.0,Active,Submarine,2.11,2800,3-stage solid,Carried by Ohio-class; extremely high accuracy,,Intercontinental Range,1990
USA015,UGM-27 Polaris,,USA,USA,Submarine-Launched Ballistic Missile,Strike,9.15,15000.0,Nuclear,2200.0,4600.0,1960.0,Obsolete,Submarine,1.37,,2-stage solid,First US SLBM; A-1/A-2/A-3 variants,,Long Range,1960
USA016,UGM-73 Poseidon,C-3,USA,USA,Submarine-Launched Ballistic Missile,Strike,10.4,29000.0,Nuclear,4600.0,4600.0,1972.0,Obsolete,Submarine,1.88,,2-stage solid,MIRV capability up to 14 warheads,,Long Range,1970
USA002,RGM-184 Naval Strike Missile,AGM-184,USA (Kongsberg),USA,Anti-Ship Cruise Missile,Strike,3.96,407.0,High-explosive,200.0,200.0,2018.0,Active,"Ship, ground, air",0.32,125,Turbojet,Low-observable; used in Navy OTH-WS and NMESIS systems,,Short Range,2010
