Missile_ID,Missile_Name,Alternate_Name,Country_of_Origin,Country_of_Possession,Missile_Class,Missile_Type,Length_m,Launch_Weight_kg,Warhead_Type,Range_min_km,Range_max_km,Year_Introduced,Operational_Status,Launch_Basing,Diameter_m,Payload_kg,Propulsion_Type,Notes,
ISR001,Jericho-I,YA-1,Israel,Israel,Short-Range Ballistic Missile,Strike,13.4,6500,"Nuclear, HE",500,500,1973,Operational,Road/rail-mobile,0.8,1000,Single-stage solid propellant,First Israeli indigenous ballistic missile; 50 believed nuclear-capable,
ISR002,Jericho-II,YA-2,Israel,Israel,Medium-Range Ballistic Missile,Strike,14,13000,"Nuclear, HE",1500,1500,1990,Operational,Road/rail-mobile,1,1000,Two-stage solid propellant,Improved range variant; approximately 50 nuclear-capable missiles deployed,
ISR003,Jericho-III,YA-3,Israel,Israel,Intermediate-Range Ballistic Missile,Strike,15.5,30000,"Nuclear, HE",4800,6500,2011,Operational,Road/rail-mobile,1.5,1150,Three-stage solid propellant,Longest-range Israeli ballistic missile,
ISR004,ROCKS,Air-Launched Ballistic Missile,Israel,Israel,Air-Launched Ballistic Missile,Strike,5,,Blast-fragmentation/Penetration,250,250,2020,Operational,Air-launched,0.5,500,Solid propellant,3m CEP accuracy; INS/GPS + electro-optical guidance,
ISR005,Golden Horizon,ALBM/Sparrow derivative,Israel,Israel,Air-Launched Ballistic Missile,Strike,8.3,3100,Penetration warhead,1000,2000,2025,Operational,Air-launched,0.8,,Two-stage solid propellant,Hypersonic speeds (Mach 5+); offered to India,
ISR006,RAMPAGE,Air-Launched Missile,Israel,Israel,Air-to-Surface Missile,Strike,4.7,570,High explosive,150,250,2020,Operational,Air-launched,0.3,150,Solid propellant,Based on ground-launched artillery rocket technology,
ISR007,Popeye,AGM-142 Have Nap,Israel,Israel,Air-to-Surface Cruise Missile,Strike,4.8,1360,"HE blast/penetration, nuclear-capable",80,80,1985,Operational,Air-launched,0.5,360,Turbojet,"Precision stand-off missile; exported to US, Turkey, South Korea",
ISR008,Delilah,Star-1,Israel,Israel,Air-Launched Cruise Missile,Strike,2.7,187,HE fragmentation,250,250,1995,Operational,"Air, surface, sea-launched",0.3,30,Turbojet,"Multi-platform loitering missile; can search, identify, attack targets",
ISR009,Gabriel V,Advanced Gabriel,Israel,Israel,Anti-Ship Cruise Missile,Strike,5.5,1250,HE blast/penetration,400,400,2020,Operational,"Ship, ground-launched",0.4,150,Turbojet + booster,5th generation sea-skimming missile; networked warfare capability,
ISR010,Barak 8,LRSAM,Israel/India,Israel/India,Surface-to-Air Missile,Interceptor,4.5,275,HE blast-fragmentation,70,100,2017,Operational,"Ship, ground-launched",0.2,60,Two-stage solid propellant,Long-range SAM; developed with DRDO,
ISR011,Barak ER,Extended Range,Israel,Israel,Surface-to-Air Missile,Interceptor,4.5,280,HE blast-fragmentation,150,150,2023,Operational,Vertical launch,0.2,60,Two-stage solid propellant,Extended range variant with larger booster,
ISR012,Iron Dome Interceptor,Tamir,Israel,Israel,Short-Range Air Defense,Interceptor,3,90,HE blast-fragmentation,4,70,2011,Operational,"Ground, ship",0.15,11,Solid propellant,"Designed to intercept rockets, mortars, drones; $40,000 per missile",
ISR013,C-Dome,Sea-Iron Dome,Israel,Israel,Naval Air Defense,Interceptor,3,90,HE blast-fragmentation,4,70,2017,Operational,Ship-launched,0.15,11,Solid propellant,Naval version of Iron Dome; first operational use 2024,
ISR014,David's Sling,Stunner,Israel/US,Israel,Medium-Range Air Defense,Interceptor,4.6,280,Kinetic hit-to-kill,40,300,2017,Operational,Ground-launched,0.3,,Two-stage solid propellant,Co-developed with Raytheon; hit-to-kill technology,
ISR015,David's Sling,SkyCeptor,Israel/US,Israel,Medium-Range Air Defense,Interceptor,4.6,280,Kinetic hit-to-kill,40,300,2017,Operational,Ground-launched,0.3,,Two-stage solid propellant,Export version of Stunner,
ISR016,Arrow 2,Hetz 2,Israel/US,Israel,Upper-Tier Air Defense,Interceptor,6.8,1300,Fragmentation warhead,90,90,2000,Operational,Ground-launched,0.8,,Two-stage solid propellant,Terminal phase interception in upper atmosphere; altitude 50km,
ISR017,Arrow 3,Hetz 3,Israel/US,Israel,Exo-Atmospheric Air Defense,Interceptor,6.8,1400,Kinetic hit-to-kill,2400,2400,2017,Operational,Ground-launched,0.8,,Three-stage solid propellant,Exo-atmospheric interception; altitude 100km+; hypersonic interceptor,
ISR018,Arrow 4,Hetz 4,Israel/US,Israel,Next-Generation Air Defense,Interceptor,7,1500,Kinetic hit-to-kill,3000,3000,2025,In development,Ground-launched,0.8,,Advanced solid propellant,Advanced version of Arrow 3 with enhanced capabilities,
ISR019,Sparrow Family,Silver Sparrow,Israel,Israel,Target Missile,Target/Test,8.3,3100,Test instrumentation,2000,2000,2000,Operational,Air-launched,0.8,,Two-stage solid propellant,Family of target missiles simulating ballistic threats for Arrow testing,
ISR020,Blue Sparrow,Sparrow variant,Israel,Israel,Target Missile,Target/Test,8.3,3100,Test instrumentation,2000,2000,2010,Operational,Air-launched,0.8,,Two-stage solid propellant,Simulates Iraqi Scud and Iranian Shahab missiles,
ISR021,LORA,Loitering Ordnance,Israel,Israel,Quasi-Ballistic Missile,Strike,5.2,1600,"HE blast/penetration, submunitions",400,400,2015,Operational,"Ground, ship-launched",0.6,400,Single-stage solid propellant,10m CEP; ship and land-attack missile,
ISR022,EXTRA,Extra Range Artillery,Israel,Israel,Long-Range Artillery Rocket,Strike,5.2,1300,"HE blast/penetration, submunitions",150,150,2010,Operational,Ground-launched,0.3,120,Solid propellant,INS/GPS guidance; 10m CEP,
ISR023,Predator Hawk,Loitering Missile,Israel,Israel,Loitering Munition,Strike,2.5,150,HE blast,300,300,2020,Operational,Ground/air-launched,0.2,30,Propeller engine,Long-range loitering munition; can orbit for hours before striking,
ISR024,Nimrod,Family of Missiles,Israel,Israel,Precision Guided Missile,Strike,2.5,100,"HEAT, HE blast",26,50,1990,Operational,"Ground, air, sea-launched",0.15,22.5,Solid propellant,Family of long-range precision missiles; various sizes,
ISR025,Spike NLOS,Long-Range Missile,Israel,Israel,Multi-Purpose Guided Missile,Strike,1.7,70,"HEAT, HE blast, penetration",32,32,2010,Operational,"Ground, air, sea-launched",0.17,8,Solid propellant,Non-line-of-sight precision missile; fiber-optic/RF guidance,
ISR026,Sea Breaker,5th Gen Missile,Israel,Israel,Long-Range Precision Missile,Strike,4,400,HE blast/penetration,300,300,2023,Operational,"Ship, ground-launched",0.3,100,Turbojet,5th generation autonomous missile; advanced target recognition,
ISR027,Maritime Extended Range Missile,Advanced Naval Missile,Israel,Israel,Naval Strike Missile,Strike,5.5,1300,HE blast/penetration,350,350,2022,Operational,Ship-launched,0.4,150,Turbojet,Advanced naval strike missile for Israeli Navy,
ISR028,MARS,LAR-160,Israel,Israel,Multiple Launch Rocket System,Strike,4,650,"HE, submunitions",45,45,1980,Operational,Ground-launched,0.2,100,Solid propellant,Multiple artillery rocket system,
ISR029,ACCULAR,Precision Rocket,Israel,Israel,Guided Artillery Rocket,Strike,4,650,HE blast/penetration,40,40,2015,Operational,Ground-launched,0.2,120,Solid propellant,Precision-guided rocket; 10m CEP; based on LAR-160,
ISR030,RA'AM,Heavy Missile Family,Israel,Israel,Heavy Air-to-Surface Missile,Strike,4.5,1200,HE penetration,100,100,1980,Operational,Air-launched,0.4,300,Solid propellant,Heavy air-to-surface missile family for IAF,
ISR031,Gabriel Family,Family of Anti-Ship Missiles,Israel,Israel,Anti-Ship Missile,Strike,4.45,875,HE blast,35,400,1970,Operational,"Ship, ground, air-launched",0.35,125,Turbojet/rocket,Evolutionary family of anti-ship missiles; Gabriel I-V variants,
KOR001,Hyunmoo-1,NHK-1,South Korea,South Korea,Short-Range Ballistic Missile,Strike,12,5000,High Explosive,150,180,1986,Obsolete,Road-mobile,0.8,500,Single-stage solid propellant,First South Korean indigenous missile; based on US Nike-Hercules technology,
KOR002,Hyunmoo-2A,NHK-2A,South Korea,South Korea,Short-Range Ballistic Missile,Strike,12,5400,"High explosive, submunitions",300,300,2008,Operational,Road-mobile,0.9,997,Two-stage solid propellant,30m CEP accuracy; part of Kill Chain preemptive strike strategy,
KOR003,Hyunmoo-2B,NHK-2B,South Korea,South Korea,Short-Range Ballistic Missile,Strike,12,5400,"High explosive, submunitions",500,500,2009,Operational,Road-mobile,0.9,1000,Two-stage solid propellant,Improved range variant of Hyunmoo-2 family,
KOR004,Hyunmoo-2C,NHK-2C,South Korea,South Korea,Short-Range Ballistic Missile,Strike,12,5400,"High explosive, submunitions",800,800,2015,Operational,Road-mobile,0.9,1000,Two-stage solid propellant,Extended range variant with precision guidance,
KOR005,Hyunmoo-3A,,South Korea,South Korea,Cruise Missile,Strike,6,1500,High explosive,500,500,2006,Operational,"Ship, submarine, ground-launched",0.5,450,Turbojet,First South Korean cruise missile; Tomahawk-like design,
KOR006,Hyunmoo-3B,,South Korea,South Korea,Cruise Missile,Strike,6,1500,High explosive,1000,1000,2009,Operational,"Ship, submarine, ground-launched",0.5,450,Turbojet,Improved range variant,
KOR007,Hyunmoo-3C,,South Korea,South Korea,Cruise Missile,Strike,6,1500,High explosive,1500,1500,2012,Operational,"Ship, submarine, ground-launched",0.5,450,Turbojet,Longest-range Hyunmoo cruise missile; can reach targets across Northeast Asia,
KOR008,Hyunmoo-3D,,South Korea,South Korea,Cruise Missile,Strike,6,1500,High explosive,1500,1500,2020,In development,"Ship, submarine, ground-launched",0.5,450,Turbojet,Advanced variant with enhanced stealth features,
KOR009,Hyunmoo-4,,South Korea,South Korea,Short-Range Ballistic Missile,Strike,12,5400,High explosive,800,800,2017,Operational,Road-mobile,0.9,1000,Two-stage solid propellant,Enhanced penetration capability for hardened targets,
KOR010,Hyunmoo-4-4,,South Korea,South Korea,Submarine-Launched Ballistic Missile,Strike,12,5400,High explosive,500,500,2021,Operational,Submarine-launched,0.9,1000,Two-stage solid propellant,First South Korean SLBM; launched from Dosan Ahn Changho-class submarine,
KOR011,Hyunmoo-5,,South Korea,South Korea,Intermediate-Range Ballistic Missile,Strike,15.5,36000,Conventional high explosive; 8-9 ton penetrator,300,5000,2025,Operational,Road-mobile,1.6,8500,Two-stage solid propellant,Monster missile' with 8-9 ton warhead; can penetrate 100m underground,
KOR012,Haeseong-1,SSM-700K,South Korea,South Korea,Anti-Ship Cruise Missile,Strike,5,800,High explosive,150,150,2005,Operational,"Ship, ground-launched",0.4,250,Turbojet,Korean version of Harpoon; also called Sea Star,
KOR013,Haeseong-2,,South Korea,South Korea,Supersonic Cruise Missile,Strike,6,1200,High explosive,300,300,2015,Operational,"Ship, submarine-launched",0.5,300,,Supersonic anti-ship cruise missile,
KOR014,Haeseong-3,,South Korea,South Korea,Land-Attack Cruise Missile,Strike,6.5,1600,High explosive,1500,1500,2018,Operational,"Ship, submarine-launched",0.5,500,Turbojet,Long-range land attack variant,
KOR015,Haeseong-5,Yakhont-derived,South Korea,South Korea,Supersonic Anti-Ship Cruise Missile,Strike,8,2500,High explosive,300,300,2025,Operational,Submarine-launched,0.7,300,Solid booster + ramjet,Derived from Russian Yakhont technology; can also strike land targets,
KOR016,KALCM Cheonryong,Celestial Dragon,South Korea,South Korea,Air-Launched Cruise Missile,Strike,6,1200,High explosive,400,400,2024,Operational,Air-launched,0.5,450,Turbojet,Designed for FA-50 Block 20 and KF-21 fighters,
KOR017,SASM,Air-to-Ship Missile II,South Korea,South Korea,Supersonic Air-to-Surface Missile,Strike,5,1000,High explosive,200,200,2025,In development,Air-launched,0.4,250,Ramjet,Multi-purpose supersonic system for anti-ship and ground targets,
KOR018,L-MSM,Modular Smart Missile,South Korea,South Korea,Multi-Purpose Air-to-Air Missile,Interceptor,3,113,Modular,300,500,2028,In development,Air-launched,0.2,20,,Modular nose section for different missions; IIR guidance,
KOR019,L-MCM,Multi-Purpose Cruise Missile,South Korea,South Korea,Multi-Purpose Cruise Missile,Strike,4,454,Penetrating high explosive,500,500,2029,In development,Ground or anti-ship launch,0.4,200,,Network-oriented platform; IIR+CMOS guidance,
KOR020,HYCORE,,South Korea,South Korea,Hypersonic Cruise Missile,Strike,8.7,2400,High explosive,,,2025,In development,"Ground, naval, air-launched",0.6,300,Two-stage solid booster + scramjet,Speed Mach 6.2; scramjet-powered; vertical launch capable,
TWN001,Chiang Kung,TK-4,Taiwan,Taiwan,Surface-to-Air Missile,Interceptor,7,2000,Directed-fragmentation,100,200,2025,Operational,Ground-launched,0.5,,Two-stage solid propellant,Mid-tier layer for ballistic missile defense; interception altitude >70km,
TWN002,Tien Kung III,TK-3,Taiwan,Taiwan,Surface-to-Air Missile,Interceptor,5.3,900,High explosive,45,200,2015,Operational,Ground-launched,0.4,,Two-stage solid propellant,Maximum engagement altitude 45km; part of T-Dome network,
TWN003,Patriot PAC-3 MSE,Patriot Advanced Capability-3,USA,Taiwan,Surface-to-Air Missile,Interceptor,5.2,312,Hit-to-Kinetic,35,70,2026,Operational,Ground-launched,0.25,,Solid propellant,Most advanced Patriot variant; hit-to-kill capability,
TWN004,Patriot PAC-3,PAC-3 CRI,USA,Taiwan,Surface-to-Air Missile,Interceptor,5.2,312,Hit-to-Kinetic,20,40,2007,Operational,Ground-launched,0.25,,Solid propellant,Older Patriot variant being supplemented by MSE version,
TWN005,FIM-92 Stinger,MANPADS,USA,Taiwan,Short-Range Air Defense,Interceptor,1.5,15.2,HE blast-fragmentation,4,8,1985,Operational,"Man-portable, vehicle-mounted, air-launched",0.07,3,Solid propellant,"Full family operated: MANPADS, Avenger, dual-mount tripod",
TWN006,Hsiung Feng IIE,Thunderbolt IIE,Taiwan,Taiwan,Land-Attack Cruise Missile,Strike,6,1000,"HE, cluster, bunker-buster",300,1500,2008,Operational,"Ground-mobile, Air-launched",0.5,363.5,Turbojet + solid booster,Secretive Tomahawk-like missile; TERCOM+GPS guidance,
TWN007,Hsiung Sheng,Extended-range HF-2E,Taiwan,Taiwan,Long-Range Land-Attack Cruise Missile,Strike,6.2,1200,"HE, Dispersal",1200,1200,2024,Operational,Ground-mobile,0.5,450,Turbojet + solid booster,Extended-range variant of HF-2E; over 100 units produced; Mach 0.85,
TWN008,Yun Feng 2,Cloud Peak 2,Taiwan,Taiwan,Hypersonic Cruise Missile,Strike,8,2000,,2000,2000,2025,Operational,Ground-mobile,0.7,,Scramjet/Ramjet,Hypersonic missile; Mach 6; mass production began Dec 2024,
TWN009,Yun Feng 1,Cloud Peak 1,Taiwan,Taiwan,Hypersonic Cruise Missile,Strike,7.5,1800,"Semi-armor piercing HE, fragmentation",1200,2000,2019,Operational,Ground-mobile,0.7,250,Two-stage solid rocket,Speed up to Mach 3.5; 20 missiles initially produced,
TWN010,Hsiung Feng III,Bee III,Taiwan,Taiwan,Supersonic Anti-Ship Missile,Strike,6.1,1450,HE semi-armor piercing,150,400,2007,Operational,"Ship, coastal defense, air-launched",0.45,225,Ramjet + solid booster,Supersonic anti-ship missile; upgraded versions in production,
TWN011,Hsiung Feng II,Bee II,Taiwan,Taiwan,Subsonic Anti-Ship Cruise Missile,Strike,4.8,685,HE semi-armor piercing,148,200,1990,Operational,"Ship, coastal defense, air-launched",0.4,190,Turbojet,Harpoon-equivalent; upgraded variants with advanced EW resistance,
TWN012,Wan Chien,Ten Thousand Swords,Taiwan,Taiwan,Air-Launched Stand-Off Weapon,Strike,4,500,Cluster munitions/HE,70,200,2020,Operational,Air-launched,0.4,200,Turbojet,Glide bomb with wings; GPS/INS guidance; 150 missiles produced,
TWN013,Tien Chien IIA,Sky Sword IIA,Taiwan,Taiwan,Air-Launched Anti-Radiation Missile,Strike,3.6,184,HE fragmentation,50,100,2015,Operational,Air-launched,0.2,22,Solid propellant,HARM-equivalent; passive radar seeker,
TWN014,Tien Chien II,Sky Sword II,Taiwan,Taiwan,Medium-Range Air-to-Air Missile,Interceptor,3.6,184,HE blast-fragmentation,60,60,1999,Operational,Air-launched,0.2,22,Solid propellant,Active radar homing; BVR capability,
TWN015,Tien Chien I,Sky Sword I,Taiwan,Taiwan,Short-Range Air-to-Air Missile,Interceptor,2.9,90,HE blast-fragmentation,8,8,1993,Operational,Air-launched,0.13,10,Solid propellant,AIM-9L equivalent; infrared homing,
TWN016,Chien Hsiang,Sword Phaser,Taiwan,Taiwan,Loitering Munition,Strike,2.2,60,HE fragmentation,500,500,2025,Operational,"Ground-mobile, ship-launched",0.2,20,Electric motor,Anti-radiation drone; nearly 200 produced; locates and strikes enemy radars,
TWN017,Hsiung Feng I,Bee I,Taiwan,Taiwan,Anti-Ship Missile,Strike,3.4,537,HE,35,35,1978,Obsolete,"Ship, coastal defense",0.34,150,Liquid rocket,First indigenous anti-ship missile; Israeli Gabriel derivative,
TWN018,Qing Feng,Green Bee,Taiwan,Taiwan,Short-Range Ballistic Missile,Strike,6,1500,HE,100,120,1981,Obsolete,Ground-mobile,0.6,400,Solid propellant,First Taiwanese ballistic missile; based on US MGM-52 Lance technology,
TWN019,Tien Kung I,Sky Bow I,Taiwan,Taiwan,Surface-to-Air Missile,Interceptor,5.5,870,HE,40,40,1993,Operational,Ground-launched,0.4,,Solid propellant,First indigenous SAM; being phased out,
TWN020,Land-Based Hsiung Feng IIE,Coastal Defense Cruise Missile,Taiwan,Taiwan,Land-Attack Cruise Missile,Strike,6,1000,HE/bunker-buster,600,600,2010,Operational,Ground-mobile,0.5,400,Turbojet + booster,Coastal defense variant; 500+ units in service,
PRK001,Hwasong-5,Scud-B,North Korea,North Korea,Short-Range Ballistic Missile,Strike,10.9,,Conventional/Nuclear,300,330,,Operational,,0.88,1000,Liquid,Early Scud variant,
PRK002,Hwasong-6,Scud-C,North Korea,North Korea,Short-Range Ballistic Missile,Strike,10.9,,Conventional/Nuclear/WMD,500,500,,Operational,,0.88,770,Liquid,Widely exported,
PRK003,Hwasong-7,Nodong/Rodong,North Korea,North Korea,Medium-Range Ballistic Missile,Strike,15.75,,Nuclear/Conventional/Chemical/Bio,1300,1500,,Operational,,1.275,950,Liquid,300+ missiles estimated,
PRK004,Hwasong-9,Scud-ER,North Korea,North Korea,Medium-Range Ballistic Missile,Strike,13.5,,Conventional/Nuclear/Chemical/Bio,1000,1000,,Operational,,0.88,625,Liquid,Extended range Scud variant,
PRK005,Hwasong-10,Musudan/BM-25,North Korea,North Korea,Intermediate-Range Ballistic Missile,Strike,11.5,,Nuclear/Conventional,3200,3860,,Deployed,,1.5,575,Liquid,R-27/SS-N-6 derivative,
PRK006,Hwasong-11,KN-02,North Korea,North Korea,Tactical Short-Range Ballistic Missile,Strike,6.4,,Conventional/Nuclear,100,120,,Operational,,0.65,375,Solid,SS-21 Scarab derivative,
PRK007,Hwasong-12,KN-17,North Korea,North Korea,Intermediate-Range Ballistic Missile,Strike,17.4,,Nuclear,4500,4500,,Testing,,1.65,,Liquid,Hypersonic capable variant Hwasong-12B,
PRK008,Hwasong-13,KN-08,North Korea,North Korea,Intercontinental Ballistic Missile,Strike,19.24,,Nuclear,11500,11500,,Testing,,1.9,500,Liquid,Three-stage design,
PRK009,Hwasong-14,KN-20/KN-14,North Korea,North Korea,Intercontinental Ballistic Missile,Strike,19.65,,Nuclear,10000,10000,,Testing,,1.8,,Liquid,Reached CONUS range,
PRK010,Hwasong-15,KN-22,North Korea,North Korea,Intercontinental Ballistic Missile,Strike,21.9,,Nuclear/Super-heavy warhead,13000,13000,,Operational,,2.2,2750,Liquid,Full US mainland reach,
PRK011,Hwasong-16,Hwasong-16A/16B,North Korea,North Korea,Intermediate-Range Ballistic Missile,Strike,21,,MaRV/HGV,5500,9000,,Operational,,2.1,,Solid,First solid-fuel IRBM,
PRK012,Hwasong-17,KN-28,North Korea,North Korea,Intercontinental Ballistic Missile,Strike,25,,Nuclear/MIRV-capable,13000,13000,,Operational,,2.7,2750,Liquid,Most powerful liquid ICBM,
PRK013,Hwasong-18,,North Korea,North Korea,Intercontinental Ballistic Missile,Strike,23,,Nuclear,10000,10000,,Operational,,2.35,,Solid,First solid-fuel ICBM,
PRK014,Hwasong-19,,North Korea,North Korea,Intercontinental Ballistic Missile,Strike,23,,Nuclear,10000,10000,,Testing,,2.35,,Solid,Tested October 2024,
PRK015,Hwasong-20,,North Korea,North Korea,Intercontinental Ballistic Missile,Strike,25,,Nuclear,12000,12000,,Deployed,,2.65,,Solid,Carbon-fiber construction,
PRK016,Pukguksong-1,KN-11,North Korea,North Korea,Submarine-Launched Ballistic Missile,Strike,9,,Nuclear,2000,2500,,Testing,,1.5,,Liquid/Solid,Submarine-launched,
PRK017,Pukguksong-2,KN-15,North Korea,North Korea,Medium-Range Ballistic Missile,Strike,9.5,,Nuclear,2000,2500,,Testing,,1.45,,Solid,Land-based SLBM variant,
PRK018,Pukguksong-3,,North Korea,North Korea,Submarine-Launched Ballistic Missile,Strike,8.5,,Nuclear,2500,2500,,Testing,,1.55,,Solid,Improved SLBM,
PRK019,Pukguksong-4,,North Korea,North Korea,Submarine-Launched Ballistic Missile,Strike,9.5,,Nuclear,2500,2500,,R&D,,1.65,,Solid,Parade debut 2020,
PRK020,Pukguksong-5,,North Korea,North Korea,Submarine-Launched Ballistic Missile,Strike,10.5,,Nuclear,3000,3000,,R&D,,1.75,,Solid,Parade debut 2021,
PRK021,KN-23,Hwasong-11A,North Korea,North Korea,Short-Range Ballistic Missile,Strike,7.5,,Nuclear/Conventional,450,600,,Operational,,1.05,750,Solid,Iskander-like design,
PRK022,KN-24,Hwasong-11B,North Korea,North Korea,Short-Range Ballistic Missile,Strike,7.5,,Nuclear/Hwasan-31,400,400,,Operational,,1.1,450,Solid,1000+ delivered to frontline,
PRK023,KN-25,Hwasong-11C,North Korea,North Korea,Short-Range Ballistic Missile,Strike,8.5,,Conventional/Nuclear,400,400,,Operational,,1.2,375,Solid,Large-caliber guided rocket,
PRK024,Hwasal-1,KN-28,North Korea,North Korea,Land-Attack Cruise Missile,Strike,6.5,,Conventional/Nuclear,1500,1500,,Operational,,0.65,500,Turbojet,Land-attack cruise missile,
PRK025,Hwasal-2,KN-32,North Korea,North Korea,Land-Attack Cruise Missile,Strike,7.5,,Conventional/Nuclear,2000,2000,,Operational,,0.65,500,Turbojet,Extended range cruise missile,
PRK026,Hwasong-8,,North Korea,North Korea,Hypersonic Missile,Strike,17,,HGV,3000,5000,,Testing,,1.8,,Liquid,First HGV test 2021,
PRK027,Hwasong-16B,HS-16Na,North Korea,North Korea,Intermediate-Range Ballistic Missile,Strike,21,,HGV,5500,5500,,Operational,,2.1,,Solid,Confirmed HGV tests 2024-2025,
PRK028,Taepodong-1,Paektusan,North Korea,North Korea,Space Launch Vehicle,SLV,24,,N/A,2000,2900,,Operational,,1.065,150,Liquid,Satellite launch vehicle,
PRK029,Taepodong-2,Unha-2,North Korea,North Korea,Space Launch Vehicle,SLV,29,,N/A,6000,9000,,Operational,,1.825,300,Liquid,Satellite launch vehicle,
PRK030,Unha-3,Taepodong-3,North Korea,North Korea,Space Launch Vehicle,SLV,30,,N/A,10000,12000,,Operational,,1.825,550,Liquid,Satellite launch vehicle,
PRK031,Kumsong-1,KN-1,North Korea,North Korea,Anti-Ship Cruise Missile,Strike,5.75,,Conventional,110,150,,Operational,,0.55,275,Turbojet,SS-N-1 Styx derivative,
PRK032,Pongae-5,KN-06,North Korea,North Korea,Surface-to-Air Missile,Interceptor,6.5,,High-explosive,150,200,,Operational,,0.55,125,Solid,Surface-to-air missile,
PAK001,SMASH,,Pakistan,Pakistan,Hypersonic Anti-Ship Ballistic Missile,Strike,,,HE,290,350,2025,Operational,Ship,,,,Single-stage dual-thrust solid,Mach 2+ terminal; dual-role anti-ship/land-attack
PAK002,Taimoor,,Pakistan,Pakistan,Air-Launched Cruise Missile,Strike,,,Conventional,600,600,2026,Operational,Air,,,,,Low-altitude terrain-hugging capability
PAK003,Fatah-4,,Pakistan,Pakistan,Ground-Launched Cruise Missile,Strike,,1530,HE,750,750,2025,Operational,Ground,,,,Turbojet,5m CEP accuracy; carries 3 canisters per TEL
PAK004,Shaheen-III,,Pakistan,Pakistan,Medium-Range Ballistic Missile,Strike,,,Nuclear/Conventional,2750,2750,2015,Operational,Ground,,,,Solid propellant,Pakistan's longest-range missile; covers all of India
PAK005,Ababeel,,Pakistan,Pakistan,Medium-Range Ballistic Missile with MIRV,Strike,,,Nuclear,2200,2200,2017,Operational,Ground,,,,Solid propellant,Multiple independently targetable warheads; response to Indian BMD
PAK006,Ghauri,Hatf-V,Pakistan,Pakistan,Medium-Range Ballistic Missile,Strike,15.9,,Nuclear/Conventional,1250,1500,1998,Operational,Ground,1.35,,Liquid propellant,Based on North Korean Nodong design; covers major Indian cities,
PAK007,Shaheen-II,,Pakistan,Pakistan,Medium-Range Ballistic Missile,Strike,,,Nuclear/Conventional,2000,2000,2004,Operational,Ground,,,,Solid propellant,Improved accuracy over Shaheen-I
PAK008,Shaheen-I,,Pakistan,Pakistan,Short-Range Ballistic Missile,Strike,,,Nuclear/Conventional,750,750,1999,Operational,Ground,,,,Solid propellant,Cover eastern India
PAK009,Ghauri-II,,Pakistan,Pakistan,Medium-Range Ballistic Missile,Strike,,,Nuclear/Conventional,2000,2000,2002,Operational,Ground,,,,Liquid propellant,Upgraded Ghauri variant
PAK010,Babur,Hatf-VII,Pakistan,Pakistan,Land-Attack Cruise Missile,Strike,,,,,,,,,,,,,
PAK010,Babur,Hatf-VII,Pakistan,Pakistan,Land-Attack Cruise Missile,Strike,,,Nuclear/Conventional,350,700,2005,Operational,Ground,,,,Turbojet,Multiple variants including Block 2 with stealth features
PAK011,Babur-3,,Pakistan,Pakistan,Submarine-Launched Cruise Missile,Strike,,,Nuclear,450,450,2017,Operational,Submarine,,,,Turbojet,Nuclear second-strike capability; tested from submerged platform
PAK012,Ra'ad,Hatf-VIII,Pakistan,Pakistan,Air-Launched Cruise Missile,Strike,,,Nuclear,350,350,2007,Operational,Air,,,,Turbojet,Stand-off range weapon
PAK013,Ra'ad-II,,Pakistan,Pakistan,Air-Launched Cruise Missile,Strike,,,Nuclear/Conventional,600,600,2016,Operational,Air,,,,Turbojet,Improved guidance and range
PAK014,Nasr,Hatf-IX,Pakistan,Pakistan,Tactical Nuclear Weapon,Strike,,,Nuclear,60,70,2011,Operational,Ground,,,,Solid propellant,Battlefield weapon; full-spectrum deterrence; quick response
PAK015,Ghaznavi,Hatf-III,Pakistan,Pakistan,Short-Range Ballistic Missile,Strike,,,Nuclear/Conventional,290,320,2004,Operational,Ground,,,,Solid propellant,Rapid launch capability
PAK016,Abdali,Hatf-II,Pakistan,Pakistan,Short-Range Ballistic Missile,Strike,,,Nuclear/Conventional,180,200,2002,Operational,Ground,,,,Solid propellant,Tactical battlefield role
PAK017,Fatah-II,,Pakistan,Pakistan,Guided Ballistic Missile,Strike,,,Conventional/low-yield nuclear,400,400,2025,Operational,Ground,,,,Solid propellant,Hypersonic precision-guided
PAK018,Zarb,,Pakistan,Pakistan,Anti-Ship Cruise Missile,Strike,,,HE,280,300,2016,Operational,Coastal defence/Ship,,,,Turbojet,Coastal defence; sea-skimming capability
PAK019,Harba,,Pakistan,Pakistan,Ship-Launched Cruise Missile,Strike,,,HE,300,450,2017,Operational,Naval,,,,Turbojet,Enhances naval strike capabilities
PAK020,Hatf-I,,Pakistan,Pakistan,Short-Range Ballistic Missile,Strike,6,,Conventional,70,100,1995,Operational,Ground,0.56,,Solid propellant,Earliest Pakistani SRBM,
PAK021,Exocet,AM-39,France,Pakistan,Anti-Ship Cruise Missile,Strike,4.69,670,HE,40,180,1985,Operational,Air/Ship,0.35,165,Solid propellant,French-origin; on Atlantique aircraft and surface ships,
PAK022,C-602,,China,Pakistan,Anti-Ship Cruise Missile,Strike,6.1,,HE,280,400,2015,Operational,Coastal defence/Ship,0.54,,Turbojet,Chinese-origin; MTCR-compliant variant,
PAK023,CM-302,,China,Pakistan,Supersonic Anti-Ship Missile,Strike,,,HE,290,290,2020,Operational,Ship,,,Ramjet,Chinese-origin YJ-12 variant; Mach 3.5,
PAK024,CM-400AKG,,China,Pakistan,Hypersonic Air-Launched Missile,Strike,,,HE,250,250,2015,Operational,Air,,,Solid propellant,Mach 5+; air-launched; anti-ship/land attack,
PAK025,YJ-21,,China,Pakistan,Hypersonic Anti-Ship Missile,Strike,,,HE,,,2020,Operational,Air/Naval,,,Solid/Ramjet,Chinese-origin; acquired by Pakistan,
PAK026,Bakhtar Shikan,HJ-8 derivative,China,Pakistan,Anti-Tank Guided Missile,ATGM,,,HE tandem shaped charge,3,5,2015,Operational,Man-portable/Vehicle,,,Solid propellant,Chinese HJ-8 license production,
PAK027,Green Arrow,,Pakistan,Pakistan,Anti-Tank Guided Missile,ATGM,,,HEAT,3,4,2010,Operational,Man-portable/Vehicle,,,Solid propellant,Licensed Baktar Shikan variant,
PAK028,Anza Mk-I/II/III,,Pakistan,Pakistan,Man-Portable Air Defense System,MAMPADS,1.5,,HE fragmentation,4,6,1995,Operational,Man-portable,0.072,,Solid propellant,Indigenous MANPADS; Mk-III most advanced,
PAK029,Hafr-1,,Pakistan,Pakistan,Artillery Rocket,Strike,,,HE/cluster,50,70,2010,Operational,Ground,,,Solid propellant,Part of MLRS inventory,
PAK030,Fatah-I,,Pakistan,Pakistan,Guided Artillery Rocket,Strike,,,HE,120,150,2023,Operational,Ground,,,Solid propellant,First of Fatah series; INS+GPS,
PAK031,Fatah-II (early version),,Pakistan,Pakistan,Guided Artillery Rocket,Strike,,,HE,120,120,2024,Operational,Ground,,,Solid propellant,Tested during Ex Indus 2024,
PAK032,P282,,Pakistan,Pakistan,Air-Launched Hypersonic Missile,Strike,,,,,In development,In development,Air,,,,,Air-launched ballistic missile capability under development,
CHN001,DF-1,CSS-1,China,China,Short-Range Ballistic Missile,Strike,,,,,Retired,Retired,Land-based,,,Liquid,Early Soviet R-2 derivative,,
CHN002,DF-2,CSS-1,China,China,Medium-Range Ballistic Missile,Strike,,,Nuclear,1250,1250,Retired,Retired,Land-based,,,Liquid,First Chinese indigenous ballistic missile,
CHN003,DF-3,CSS-2,China,China,Medium-Range Ballistic Missile,Strike,,,Nuclear,2800,5000,1988,Operational,Land-based TEL,,2150,Liquid,Exported to Saudi Arabia 1988,
CHN004,DF-4,CSS-3,China,China,Intercontinental Ballistic Missile,Strike,,,Nuclear,4750,5500,,Operational,Silo/Land-based,,2200,Liquid,Can reach European Russia,
CHN005,DF-5,CSS-4,China,China,Intercontinental Ballistic Missile,Strike,,,Nuclear,12000,13000,,Operational,Silo-based,,3200,Liquid,China's first true ICBM; MIRV-capable DF-5B/C variants,
CHN006,DF-5B,CSS-4 Mod 2,China,China,Intercontinental Ballistic Missile,Strike,,,MIRV nuclear,13000,13000,,Operational,Silo-based,,,Liquid,Multiple warhead variant,
CHN007,DF-5C,CSS-4 Mod 3,China,China,Intercontinental Ballistic Missile,Strike,,,MIRV nuclear,13000,13000,2025,Operational,Silo-based,,,Liquid,Declassified in 2025 parade,
CHN008,DF-11,CSS-7/M-11,China,China,Short-Range Ballistic Missile,Strike,,,Conventional/nuclear,300,600,,Operational,Mobile TEL,,800,Solid,Opposite Taiwan deployment,
CHN009,DF-15,CSS-6/M-9,China,China,Short-Range Ballistic Missile,Strike,,,Conventional/nuclear,600,900,,Operational,Mobile TEL,,725,Solid,Test-fired toward Taiwan 1995/96,
CHN010,DF-15C,CSS-6 Variant,China,China,Short-Range Ballistic Missile,Strike,,,Harden facility penetration,700,700,,Operational,Mobile TEL,,,Solid,For hardened targets,
CHN011,DF-17,CSS-Unknown,China,China,MRBM/Hypersonic,Strike,,,DF-ZF hypersonic glide vehicle,2500,2500,2019,Operational,Mobile TEL,,,Solid,First public display 2019; nuclear-capable,
CHN012,DF-21,CSS-5,China,China,Medium-Range Ballistic Missile,Strike,,,Nuclear/conventional,1800,2500,,Operational,Mobile TEL,,1300,Solid,Land-based JL-1 variant,
CHN013,DF-21A,CSS-5 Mod 2,China,China,Medium-Range Ballistic Missile,Strike,,,Conventional,2000,2000,,Operational,Mobile TEL,,2000,Solid,Conventional variant,
CHN014,DF-21D,CSS-5 Mod 5,China,China,Anti-Ship Ballistic Missile,Strike,,,Conventional/nuclear,2150,2150,,Operational,Mobile TEL,,,Solid,Anti-ship ballistic missile (carrier killer),
CHN015,DF-26,CSS-Unknown,China,China,Intermediate-Range Ballistic Missile,Strike,,,Conventional/nuclear,4000,5000,,Operational,Mobile TEL,,,Solid,Guam Express; dual-capable,
CHN016,DF-26D,CSS-Unknown,China,China,Intermediate-Range Ballistic Missile,Strike,,,,5000,5000,2025,Operational,Mobile TEL,,,Solid,Declassified in 2025 parade,
CHN017,DF-27,CSS-Unknown,China,China,IRBM/ICBM,Strike,,,Hypersonic glide vehicle,5000,8000,,Operational,Mobile TEL,,,Solid,Guam/Hawaii range,
CHN018,DF-31,CSS-10,China,China,Intercontinental Ballistic Missile,Strike,,,Nuclear,8000,11200,1999,Operational,Mobile TEL,,700,Solid,First test-fired 1999,
CHN019,DF-31A,CSS-10 Mod 2,China,China,Intercontinental Ballistic Missile,Strike,,,Nuclear,11200,11200,,Operational,Mobile TEL,,850,Solid,Extended range variant,
CHN020,DF-31AG,CSS-10 Mod 3,China,China,Intercontinental Ballistic Missile,Strike,,,Nuclear,11200,11200,,Operational,Mobile TEL,,,Solid,Improved mobility variant,
CHN021,DF-31BJ,CSS-10 Mod 4,China,China,Intercontinental Ballistic Missile,Strike,,,Nuclear,11200,11200,2025,Operational,Mobile TEL,,,Solid,Declassified in 2025 parade,
CHN022,DF-41,CSS-20,China,China,Intercontinental Ballistic Missile,Strike,,,Nuclear,12000,15000,,Operational,Mobile TEL,,800,Solid,World's longest-range missile; MIRV up to 10,
CHN023,DF-61,CSS-Unknown,China,China,Intercontinental Ballistic Missile,Strike,,,Nuclear,,,,Operational,Land-based,,,Solid,Declassified in 2025 parade,
CHN024,JL-1,CSS-N-3,China,China,Submarine-Launched Ballistic Missile,Strike,,,Nuclear,1700,1700,,Operational,Submarine (Xia-class),,600,Solid,12 missiles on Xia-class,
CHN025,JL-2,CSS-N-4,China,China,Submarine-Launched Ballistic Missile,Strike,,,Nuclear,8000,8000,,Operational,Submarine (Type 094),,700,Solid,DF-31 derivative,
CHN026,JL-3,CSS-N-Unknown,China,China,Submarine-Launched Ballistic Missile,Strike,,,Nuclear MIRV-capable,8000,8000,2025,Operational,Submarine (Type 096 planned),,,Solid,Declassified in 2025 parade,
CHN027,JL-1 (Air-Launched),Jinglei-1,China,China,Air-Launched Ballistic Missile,Strike,,,Nuclear,,,,Operational,Air (H-6K bomber),,,Solid,Air-launched ballistic missile; declassified 2025,
CHN028,CJ-10,DH-10,China,China,Ground-Launched Cruise Missile,Strike,,,Conventional/nuclear,1500,2000,,Operational,Mobile TEL,,,Turbofan,Land-attack cruise missile,
CHN029,CJ-100,DF-100,China,China,GLCM/Hypersonic,Strike,,,Conventional,3000,4000,,Operational,Mobile TEL,,,Ramjet,Supersonic cruise missile; vehicle-mounted,
CHN030,YJ-12,,China,China,Anti-Ship Cruise Missile,Strike,,,HE,250,500,,Operational,Air (H-6/J-15/Fighters),,350,Ramjet,Supersonic anti-ship; Mach 2 low/3.2 high,
CHN031,YJ-15,,China,China,Anti-Ship Cruise Missile,Strike,,,HE,1200,1800,2025,Operational,Air (J-15 carrier fighter),,,Ramjet,Newest carrier-based ASM,
CHN032,YJ-17,,China,China,ASCM/Hypersonic,Strike,,,,,2025,Operational,Naval platforms,,,,New hypersonic strike missile,,
CHN033,YJ-18,,China,China,Anti-Ship Cruise Missile,Strike,,,HE,540,540,,Operational,Surface ships/Submarines,,,Turbojet/Ramjet,Russian 3M54 derivative; subsonic cruise/supersonic terminal,
CHN034,YJ-18A,C-805,China,China,Anti-Ship Cruise Missile,Strike,,,HE,540,540,,Operational,Container ship launcher,,,Turbojet/Ramjet,Deployed on missile-armed container vessels,
CHN035,YJ-18C,,China,China,Anti-Ship Cruise Missile,Strike,,,,,2025,Operational,Ship-launched,,,,,Declassified in 2025 parade,
CHN036,YJ-19,,China,China,ASCM/Hypersonic,Strike,,,,,2025,Operational,Naval platforms,,,,New hypersonic strike missile,,
CHN037,YJ-20,,China,China,ASCM/Hypersonic,Strike,,,,,2025,Operational,Naval platforms,,,,New hypersonic strike missile,,
CHN038,YJ-21,,China,China,ALBM/ASBM,Strike,,,,,2025,Operational,Air-launched,,,Solid,Air-launched ballistic anti-ship missile,,
CHN039,YJ-83,C-803,China,China,Anti-Ship Cruise Missile,Strike,,,HE,180,250,,Operational,Air (J-15/Fighters),,165,Turbojet,Subsonic anti-ship missile,
CHN040,AKF-98A,,China,China,Land-Attack Cruise Missile,Strike,,,,,2025,Operational,Air (H-6/J-15),,,Turbofan,Land-attack cruise missile,,
CHN041,HQ-9,HHQ-9,China,China,Surface-to-Air Missile,Interceptor,,,HE-fragmentation,200,250,,Operational,Surface ships/Land-based,,,Solid,Long-range air defense,
CHN042,HQ-16,,China,China,Surface-to-Air Missile,Interceptor,,,HE,40,40,,Operational,Land-based,,,Solid,Medium-range air defense,
CHN043,HQ-17,,China,China,Surface-to-Air Missile,Interceptor,,,HE,15,15,,Operational,Tracked vehicle,,,Solid,Short-range air defense,
CHN044,HQ-61,,China,China,Surface-to-Air Missile,Interceptor,,,HE,10,10,,Operational,Surface ships,,,Solid,Short-range naval SAM,
CHN045,HQ-7,FM-80,China,China,Surface-to-Air Missile,Interceptor,,,HE,12,12,,Operational,Surface ships,,,Solid,Crotale derivative,
CHN046,KS-1,,China,China,Surface-to-Air Missile,Interceptor,,,HE,40,40,,Operational,Land-based,,,Solid,Medium-range air defense,
CHN047,LY-60,,China,China,Surface-to-Air Missile,Interceptor,,,HE,18,18,,Operational,Land-based,,,Solid,Aspide derivative,
CHN048,QW-1,,China,China,Man-Portable Air Defense System,MAMPADS,,,HE,5,5,,Operational,Man-portable,,,Solid,Shoulder-launched SAM,
CHN049,V-75,,China,China,Surface-to-Air Missile,Interceptor,,,HE,45,45,,Operational,Land-based,,,Solid,S-75 derivative,
CHN050,PL-7,,China,China,Air-to-Air Missile,AAM,,,HE,14,14,,Operational,Air-launched,,,Solid,Short-range AAM,
CHN051,PL-9,,China,China,Air-to-Air Missile,AAM,,,HE,35,35,,Operational,Air-launched,,,Solid,Short-range AAM,
CHN052,PL-10,,China,China,Air-to-Air Missile,AAM,,,HE,22,22,,Operational,Air-launched,,,Solid,Short-range IR AAM,
CHN053,PL-12,SD-10,China,China,Air-to-Air Missile,AAM,,,HE,70,70,,Operational,Air-launched,,,Solid,Medium-range radar AAM,
CHN054,PL-15,,China,China,Air-to-Air Missile,AAM,,,HE,200,200,,Operational,Air-launched,,,Solid,Long-range AAM,
CHN055,PL-17,,China,China,Air-to-Air Missile,AAM,,,HE,400,400,,Operational,Air-launched,,,Solid,Very long-range AAM,
CHN056,C-101,FL-2,China,China,Anti-Ship Cruise Missile,Strike,,,HE,45,45,,Operational,Air/Ship-launched,,300,Liquid,Supersonic anti-ship,
CHN057,C-601,HY-2,China,China,Anti-Ship Cruise Missile,Strike,,,HE,100,100,,Operational,Air-launched,,513,Liquid,Subsonic anti-ship,
CHN058,C-801,YJ-8,China,China,Anti-Ship Cruise Missile,Strike,,,HE,42,42,,Operational,Ship/Air-launched,,165,Solid,Subsonic anti-ship,
CHN059,C-802,YJ-82,China,China,Anti-Ship Cruise Missile,Strike,,,HE,120,180,,Operational,Ship/Air-launched,,165,Turbojet,Improved C-801; widely exported,
CHN060,HJ-12,,China,China,Anti-Tank Guided Missile,ATGM,,,Tandem HEAT,4,4,,Operational,Man-portable/Vehicle,,,Solid,Fire-and-forget ATGM,
USA001,AGM-88G AARGM-ER,,USA,USA,Air-to-Ground Anti-Radiation Missile,Strike,4.21,361,High-explosive,,,2024,Operational,Air-launched,0.254,,Solid rocket motor,"Multi-mode guidance; F/A-18, EA-18G, F-35 integration",
USA002,RGM-184 Naval Strike Missile,AGM-184,USA (Kongsberg),USA,Anti-Ship Cruise Missile,Strike,3.96,407,High-explosive,200,200,2018,Operational,"Ship, ground, air",0.32,125,Turbojet,Low-observable; used in Navy OTH-WS and NMESIS systems,
USA003,RGM/UGM-109 Tomahawk,,USA,USA,Land-Attack Cruise Missile,Strike,5.56,1500,"High-explosive, submunitions, bunker-buster",1600,1600,1983,Operational,"Ship, submarine",0.52,450,Turbofan,Block V with improved Comms/Nav,
USA004,FGM-148 Javelin,,USA,USA,Anti-Tank Guided Missile,ATGM,1.1,22.3,Tandem-shaped charge,4,4,1996,Operational,Man-portable,0.127,,Soft-launch then rocket,"Fire-and-forget, top-attack capability",
USA005,AGM-114 Hellfire,,USA,USA,Air-to-Surface Missile,Strike,1.63,47,"HE, shaped charge, blast-fragmentation",7,11,1985,Operational,Air-launched,0.178,,Solid rocket motor,Numerous variants for different platforms,
USA006,BGM-71 TOW,,USA,USA,Anti-Tank Guided Missile,ATGM,1.34,,Shaped charge,3.75,4.5,1970,Operational,"Ground, vehicle",0.152,,Solid rocket motor,"Tube-launched, Optically tracked, Wire-guided",
USA007,MIM-104 Patriot,,USA,USA,Surface-to-Air Missile,Interceptor,5.31,900,High-explosive blast-fragmentation,160,160,1984,Operational,Ground,0.41,90,Solid rocket motor,"PAC-2, PAC-3 variants; cornerstone of theater air defense",
USA008,RIM-162 ESSM,RIM-162,USA,USA,Surface-to-Air Missile,Interceptor,3.66,280,High-explosive blast-fragmentation,50,50,2005,Operational,Ship,0.254,39,Solid rocket motor,Quad-packable in Mk 41 VLS; Block II with active seeker,
USA009,Standard Missile-3,RIM-161,USA,USA,Anti-Ballistic Missile,Interceptor,6.55,1500,Hit-to-Kill,,,2002,Operational,Ship,0.34,,3-stage solid,Aegis BMD component; exo-atmospheric interceptor,
USA010,MIM-23 Hawk,,USA,USA,Surface-to-Air Missile,Interceptor,5.08,584,High-explosive blast-fragmentation,40,40,1960,Phased out,Ground,0.37,,2-stage solid,I-Hawk variants widely used by allies,
USA011,MGM-140 ATACMS,,USA,USA,Short-Range Ballistic Missile,Strike,4,1670,"High-explosive, submunitions, unitary",165,300,1991,Operational,Ground-launched,0.61,560,Solid rocket motor,Used in M270 MLRS and HIMARS,
USA012,Precision Strike Missile,PrSM,USA,USA,Short-Range Ballistic Missile,Strike,4,,High-explosive,500,500,2023,Operational,Ground-launched,,,Solid rocket motor,Replacing ATACMS; Increment 2 (anti-ship) in development,
USA013,LGM-30G Minuteman III,,USA,USA,Intercontinental Ballistic Missile,Strike,18.3,35500,Nuclear,13000,13000,1970,Operational,Silo-based,1.67,1150,3-stage solid,Only land-based ICBM in US arsenal; part of nuclear triad,
USA014,UGM-133 Trident II D5,,USA,USA,Submarine-Launched Ballistic Missile,Strike,13.5,59000,Nuclear,12000,12000,1990,Operational,Submarine,2.11,2800,3-stage solid,Carried by Ohio-class; extremely high accuracy,
USA015,UGM-27 Polaris,,USA,USA,Submarine-Launched Ballistic Missile,Strike,9.15,15000,Nuclear,2200,4600,1960,Obsolete,Submarine,1.37,,2-stage solid,First US SLBM; A-1/A-2/A-3 variants,
USA016,UGM-73 Poseidon,C-3,USA,USA,Submarine-Launched Ballistic Missile,Strike,10.4,29000,Nuclear,4600,4600,1972,Obsolete,Submarine,1.88,,2-stage solid,MIRV capability up to 14 warheads,
USA017,AGM-129 ACM,,USA,USA,Air-Launched Cruise Missile,Strike,6.35,1680,Nuclear,3700,3700,1990,Obsolete,Air-launched,0.71,,Turbofan,Stealthy cruise missile for B-52; retired under New START,
USA018,AGM-86 ALCM,,USA,USA,Air-Launched Cruise Missile,Strike,6.32,1430,Nuclear,1300,1300,1982,Operational,Air-launched,0.69,,Turbofan,CALCM conventional variant used in combat,
USA019,AGM-158 JASSM,,USA,USA,Air-Launched Cruise Missile,Strike,4.27,1020,High-explosive,370,1000,2003,Operational,Air-launched,0.55,450,Turbojet,JASSM-ER extended range; stealthy,
USA020,RGM/UGM-84 Harpoon,,USA,USA,Anti-Ship Cruise Missile,Strike,4.63,605,High-explosive,90,280,1977,Operational,Air/ship/sub/ground,0.34,221,Turbojet,Widely used by US and allies,
USA021,AIM-9 Sidewinder,,USA,USA,Air-to-Air Missile,AAM,3,88,High-explosive,18,35,1956,Operational,Air-launched,0.127,9.5,Solid rocket,Most widely used AAM in West; many variants,
USA022,AIM-120 AMRAAM,,USA,USA,Air-to-Air Missile,AAM,3.66,152,High-explosive blast-fragmentation,50,180,1991,Operational,Air-launched,0.178,,Solid rocket,Standard medium-range AAM for US and allies,
USA023,AIM-54 Phoenix,,USA,USA,Air-to-Air Missile,AAM,4,460,High-explosive,190,190,1974,Obsolete,Air-launched,0.38,61,Solid rocket,Carried by F-14; very long range,
USA024,MIM-72 Chaparral,,USA,USA,Surface-to-Air Missile,Interceptor,2.9,86,High-explosive blast-fragmentation,8,8,1969,Obsolete,Ground,0.127,,Solid rocket,Based on AIM-9D,
USA025,FIM-92 Stinger,,USA,USA,Man-Portable Air Defense System,MAMPADS,1.52,15.2,High-explosive blast-fragmentation,4.8,8,1981,Operational,Man-portable,0.07,3,Solid rocket,Widely used MANPADS,
USA026,MIM-104D GEM,Guidance Enhanced,USA,USA,Surface-to-Air Missile,Interceptor,5.31,900,High-explosive blast-fragmentation,160,160,2005,Operational,Ground,0.41,,Solid rocket,Patriot PAC-2 variant with improved seeker,
USA027,M47 Dragon,,USA,USA,Anti-Tank Guided Missile,ATGM,1.15,14,Shaped charge,1.5,1.5,1975,Obsolete,Man-portable,0.14,,Solid rocket,Replaced by Javelin,
USA028,AGM-65 Maverick,,USA,USA,Air-to-Surface Missile,Strike,2.56,255,"High-explosive, shaped charge, penetrator",22,27,1972,Operational,Air-launched,0.3,125,Solid rocket,"Many variants; EO, Laser, or IIR guidance",
USA029,AGM-45 Shrike,,USA,USA,Anti-Radiation Missile,Strike,3.05,177,High-explosive blast-fragmentation,40,160,1965,Obsolete,Air-launched,0.2,,Solid rocket,First dedicated ARM; used in Vietnam,
USA030,AGM-88 HARM,,USA,USA,Anti-Radiation Missile,Strike,4.14,354,High-explosive blast-fragmentation,150,150,1985,Operational,Air-launched,0.25,66,Solid rocket,Standard ARM for US and allies,
USA031,SM-65 Atlas,,USA,USA,Intercontinental Ballistic Missile,Strike,25.1,130000,Nuclear,14000,14000,1959,Obsolete,Silo-based,3.05,,Liquid,First operational US ICBM,
USA032,LGM-25C Titan II,,USA,USA,Intercontinental Ballistic Missile,Strike,31.3,154000,Nuclear,15000,15000,1963,Obsolete,Silo-based,3.05,,Liquid,Longest-range US ICBM; later used as space launcher,
USA033,LGM-118A Peacekeeper,,USA,USA,Intercontinental Ballistic Missile,Strike,21.8,88500,Nuclear,9600,9600,1986,Obsolete,Silo-based,2.33,3950,3-stage solid,Most advanced US ICBM; retired under START,
USA034,PGM-17 Thor,,USA,USA,Intermediate-Range Ballistic Missile,Strike,19.8,49900,Nuclear,2400,3000,1958,Obsolete,Surface,2.44,,Liquid,First operational IRBM; deployed in UK,
USA035,MGM-31 Pershing,,USA,USA,Ballistic Missile,Strike,10.6,5950,Nuclear,740,1770,1962,Obsolete,Ground,1,,2-stage solid,"Pershing 1a (SRBM), Pershing 2 (MRBM); eliminated by INF Treaty",
USA036,MGM-52 Lance,,USA,USA,Short-Range Ballistic Missile,Strike,6.17,1410,Nuclear or conventional,130,130,1972,Obsolete,Ground,0.56,,Liquid,Replaced by ATACMS,
USA037,MGR-1 Honest John,,USA,USA,Short-Range Ballistic Missile,Strike,7.6,2700,Nuclear or conventional,37,48,1953,Obsolete,Ground,0.76,,Solid,First US nuclear-armed tactical missile,
USA038,RUR-5 ASROC,,USA,USA,Anti-Submarine Warfare,ASW,4.5,465,Nuclear depth charge or torpedo,22,22,1961,Operational,Ship,0.33,,Solid rocket,Vertical launch variant; launches torpedo,
USA039,MGM-18 Lacrosse,,USA,USA,Short-Range Ballistic Missile,Strike,5.85,1040,Nuclear or conventional,32,32,1959,Obsolete,Ground,0.52,,Solid,Inaccurate; phased out,
USA040,MIM-3 Nike Ajax,,USA,USA,Surface-to-Air Missile,Interceptor,6.4,1110,High-explosive,48,48,1954,Obsolete,Ground,0.3,,2-stage solid,First operational guided SAM,
USA041,MIM-14 Nike Hercules,,USA,USA,Surface-to-Air Missile,Interceptor,12.1,4850,Nuclear or conventional,160,160,1958,Obsolete,Ground,0.8,,Solid booster & sustainer,Could also engage surface targets,
USA042,LIM-49 Nike Zeus,,USA,USA,Anti-Ballistic Missile,Interceptor,14.7,,Nuclear,400,400,1960,Obsolete,Ground,2.44,,3-stage solid,Designed to intercept ICBMs; limited deployment,
USA043,PGM-11 Redstone,,USA,USA,Short-Range Ballistic Missile,Strike,21.1,27800,Nuclear,325,325,1958,Obsolete,Ground,1.78,,Liquid,First large US ballistic missile; launched first US astronaut,
USA044,CIM-10 Bomarc,,USA,USA,Surface-to-Air Missile,Interceptor,14.2,7000,Nuclear,450,1000,1959,Obsolete,Ground,0.89,,Ramjet with solid booster,Long-range area defense,
USA045,AIM-7 Sparrow,,USA,USA,Air-to-Air Missile,AAM,3.66,230,High-explosive blast-fragmentation,22,50,1956,Obsolete,Air-launched,0.2,,Solid rocket,Replaced by AMRAAM in most roles,
USA046,SM-62 Snark,,USA,USA,Intercontinental Cruise Missile,Strike,20.5,20000,Nuclear,10200,10200,1958,Obsolete,Ground,1.35,,Turbojet,First operational ICBM-range cruise missile,
USA047,RIM-2 Terrier,,USA,USA,Surface-to-Air Missile,Interceptor,8.1,1400,Nuclear or conventional,37,74,1956,Obsolete,Ship,0.34,,Solid rocket,Replaced by Standard Missile,
USA048,RIM-8 Talos,,USA,USA,Surface-to-Air Missile,Interceptor,9.8,3540,Nuclear or conventional,240,315,1958,Obsolete,Ship,0.71,,Ramjet with solid booster,Very long-range; later had anti-ship capability,
USA049,AGM-28 Hound Dog,,USA,USA,Air-Launched Cruise Missile,Strike,12.9,4600,Nuclear,1200,1200,1960,Obsolete,Air-launched,0.71,,Turbojet,Carried by B-52,
USA050,AGM-69 SRAM,,USA,USA,Short-Range Attack Missile,Strike,4.25,1010,Nuclear,160,560,1972,Obsolete,Air-launched,0.45,,Solid,"Standoff missile for B-52, FB-111",
IND001,Agni-I,,India,India,Short-Range Ballistic Missile,Strike,15,12000,"Conventional unitary or submunition, Nuclear",700,1200,2007,Operational,Road/rail-mobile,1,1000,Single-stage solid,First Agni series missile,
IND002,Agni-II,,India,India,Medium-Range Ballistic Missile,Strike,20,17000,Nuclear or HE,2000,3500,2004,Operational,Road/rail-mobile,1,1000,Two-stage solid,Covers major targets in region,
IND003,Agni-III,,India,India,Intermediate-Range Ballistic Missile,Strike,16.7,48300,"Nuclear, possible conventional",3000,3500,2011,Operational,"Rail-mobile, road-mobile",2,1500,Two-stage solid,Second strike capability,
IND004,Agni-IV,,India,India,Intermediate-Range Ballistic Missile,Strike,20,17000,Nuclear or conventional,3000,4000,,In development,Road,,,,,
IND004,Agni-IV,,India,India,Intermediate-Range Ballistic Missile,Strike,20,17000,Nuclear or conventional,3000,4000,,In development,Road-mobile,2,1000,Two-stage solid,Enhanced accuracy and range,
IND005,Agni-V,,India,India,Intercontinental Ballistic Missile,Strike,17.5,50000,Nuclear MIRV-capable,5000,8000,,In development,Road-mobile,2,1650,Three-stage solid,Can reach most of Asia and Europe,
IND006,BrahMos,,Russia/India,India/ Russia/ Vietnam,Supersonic Cruise Missile,Strike,8.1,2600,"HE, submunitions",300,500,,Operational,"Ground, Air, Ship, Submarine",0.67,250,Liquid-fueled ramjet,World's fastest supersonic cruise missile,
IND007,Dhanush,,India,India,Ship-Launched Ballistic Missile,Strike,8.53,5600,"Nuclear, HE, submunitions, FAE, chemical",250,400,2010,Operational,Ship-launched,1,750,Single-stage liquid,Naval version of Prithvi missile,
IND008,Exocet,,France,India,Anti-Ship Cruise Missile,Strike,5.2,762,HE fragmentation,40,180,1980,Operational,Sea/Air/Ground/Submarine,0.35,165,Solid/Turbojet,French-origin; various blocks,
IND009,Nirbhay,,India,India,Subsonic Cruise Missile,Strike,6,1550,"HE, submunitions, nuclear-capable",800,1000,,In development,,0.5,450,Turbojet,India's first indigenous subsonic cruise missile,
IND010,Prahaar,,India,India,Short-Range Ballistic Missile,Strike,7.3,1280,"Nuclear, HE, submunitions",150,150,,In development,Road-mobile,0.42,200,Single-stage solid,Quick reaction battlefield missile,
IND011,Prithvi-I,,India,India,Short-Range Ballistic Missile,Strike,9.5,4600,"Unitary blast-fragmentation, submunitions, nuclear",150,150,1996,Obsolete,Road-mobile,1,1000,Single-stage liquid,First missile developed under IGMDP,
IND012,Prithvi-II,,India,India,Short-Range Ballistic Missile,Strike,9.5,4600,"Conventional unitary, submunition, nuclear",250,350,2003,Operational,Road-mobile,1,750,Single-stage liquid,Enhanced range version,
IND013,Sagarika/Shaurya,,India,India,Short/Medium-Range Ballistic Missile,Strike,11.4,,Nuclear-capable,700,3500,,Operational,Submarine-launched,0.8,1000,Two-stage solid,Sagarika (SLBM) and Shaurya (land-based) variants,
FRA001,M51.3,,France,France,Submarine-Launched Ballistic Missile,Strike,12,52000,Nuclear,9500,9500,2025,Operational,Submarine,2.3,,Three-stage solid,"Latest SLBM variant; improved range, accuracy",
FRA002,M51.2,,France,France,Submarine-Launched Ballistic Missile,Strike,12,52000,Nuclear,9000,9000,2017,Operational,Submarine,2.3,,Three-stage solid,Previous SLBM variant,
FRA003,M51.4,,France,France,Submarine-Launched Ballistic Missile,Strike,12,52000,Nuclear,10000,10000,,In development,Submarine,2.3,,Three-stage solid,Next-generation variant; enhanced range,
FRA004,M45,,France,France,Submarine-Launched Ballistic Missile,Strike,11.1,35000,Nuclear,6000,6000,1996,Retired,Submarine,1.93,,Solid,Retired 2023,
FRA005,ASMPA,Air-Sol Moyenne Portée Amélioré,France,France,Air-Launched Cruise Missile,Nuclear Strike,5.4,860,Nuclear,500,600,2009,Operational,Air-launched,0.38,,Ramjet,Air-breathing nuclear missile; 50 TNA warheads,
FRA006,ASN4G,,France,France,Air-Launched Hypersonic Cruise Missile,Nuclear Strike,,,Nuclear,1000,1000,2035,In development,Air-launched,,,Ramjet/Scramjet,Next-gen hypersonic nuclear missile,
FRA007,MdCN,Missile de Croisière Naval,France,France,Land-Attack Cruise Missile,Strike,6.5,1400,HE,1000,1000,2015,Operational,Ship-launched,0.5,300,Turbojet,European Tomahawk equivalent,
FRA008,SCALP-EG,Storm Shadow,France/UK,France/UK,Air-Launched Cruise Missile,Strike,5.1,1300,HE penetrating,290,560,2003,Operational,Air-launched,0.48,450,Turbojet,Deep-strike conventional missile,
FRA009,Smart Cruiser/AASF,Future Air-to-Ground Weapon,France,France,Air-Launched Cruise Missile,Strike,3,250,HE,100,100,2033,In development,Air-launched,0.2,,Turbojet,SEAD/DEAD saturation attack weapon,
FRA010,Exocet AM39,,France,France,Anti-Ship Cruise Missile,Strike,4.69,670,HE semi-armor piercing,40,180,1975,Operational,Air-launched,0.35,165,Solid,Air-launched anti-ship missile,
FRA011,Exocet MM40 Block 3,,France,France,Anti-Ship Cruise Missile,Strike,5.8,870,HE,200,200,2008,Operational,Ship/Coastal defense,0.35,165,Turbojet,Latest ship-launched Exocet,
FRA012,Meteor,,France/Europe,France/Europe,Beyond Visual Range Air-to-Air Missile,AAM,3.7,190,HE blast-fragmentation,100,200,2016,Operational,Air-launched,0.178,,Ramjet,Throttleable ducted rocket,
FRA013,MICA NG,,France,France,Air-to-Air Missile,AAM,3.1,112,HE blast-fragmentation,20,80,2026,Operational,Air-launched,0.16,,Solid dual-pulse,AESA seeker in radar variant,
FRA014,MICA,,France,France,Air-to-Air Missile,AAM,3.1,112,HE blast-fragmentation,20,60,1996,Operational,Air-launched,0.16,,Solid,Being replaced by MICA NG,
FRA015,Mistral,,France,France,Short-Range Air Defense,MAMPADS,1.86,19.5,HE with tungsten balls,6,6,1988,Operational,Man-portable/Vehicle/Helicopter,0.09,2.95,Solid,3rd generation since 2019,
FRA016,VL MICA,,France,France,Surface-to-Air Missile,Interceptor,3.1,112,HE blast-fragmentation,20,40,2024,Operational,Ground/Ship,0.16,,Solid,Ground-based MICA,
FRA017,Aster 15,,France/Europe,France/Europe,Surface-to-Air Missile,Interceptor,4.2,310,HE blast-fragmentation,30,50,2001,Operational,Ship,0.18,,Solid,PAAMS system; naval air defense,
FRA018,Aster 30,,France/Europe,France/Europe,Surface-to-Air Missile,Interceptor,4.9,450,HE blast-fragmentation,120,150,2002,Operational,Ship/Ground,0.18,,Solid,SAMP/T ground-based variant,
FRA019,AASM Hammer,Armement Air-Sol Modulaire,France,France,Precision-Guided Bomb,Strike,3.1,125,HE,15,70,2007,Operational,Air-launched,0.25,,Solid rocket booster,Modular air-to-ground weapon,
RUS001,RS-28 Sarmat,SS-X-30 Satan II,Russia,Russia,Intercontinental Ballistic Missile,Strike,35.5,200000,Nuclear,10000,18000,2023,Operational,Silo-based,3,10000,Liquid,World's longest-range ICBM; carries Avangard HGV,
RUS002,R-36M2 Voyevoda,SS-18 Satan,Russia,Russia,Intercontinental Ballistic Missile,Strike,34.3,211000,Nuclear,11000,16000,1988,Operational,Silo-based,3,8750,Liquid,Heaviest ICBM ever developed,
RUS003,UR-100N,SS-19 Stiletto,Russia,Russia,Intercontinental Ballistic Missile,Strike,24.3,105600,Nuclear,9000,9000,1975,Operational,Silo-based,2.5,4350,Liquid,Launch vehicle for Avangard HGV,
RUS004,RT-2PM Topol,SS-25 Sickle,Russia,Russia,Intercontinental Ballistic Missile,Strike,21.5,45100,Nuclear,10500,11000,1988,Operational,Road-mobile,1.8,1000,Three-stage solid,First Soviet mobile ICBM,
RUS005,RT-2PM2 Topol-M,SS-27 Sickle-B,Russia,Russia,Intercontinental Ballistic Missile,Strike,22.7,47200,Nuclear,11000,11000,1997,Operational,"Silo-based, road-mobile",1.9,1200,Three-stage solid,Deeply modernized Topol variant,
RUS006,RS-24 Yars,SS-27 Mod 2,Russia,Russia,Intercontinental Ballistic Missile,Strike,23,49600,Nuclear,10500,12000,2009,Operational,"Silo-based, road-mobile",2,1250,Three-stage solid,MIRV capability,
RUS007,RS-26 Rubezh,SS-X-31,Russia,Russia,Intermediate-Range Ballistic Missile,Strike,12,36000,Nuclear,5800,5800,2015,Operational,Road-mobile,1.8,800,Solid,Controversial range,
RUS008,RSM-56 Bulava,SS-NX-32,Russia,Russia,Submarine-Launched Ballistic Missile,Strike,12.1,36800,Nuclear,8300,9300,2013,Operational,Submarine,2,1150,Three-stage solid,Main SLBM for Russian Navy,
RUS009,9M723 Iskander-M,SS-26 Stone,Russia,Russia,Short-Range Ballistic Missile,Strike,7.2,3800,"HE, cluster, penetrating, nuclear",500,500,2006,Operational,Road-mobile,0.92,800,Single-stage solid,Multiple warhead variants,
RUS010,9M728 Iskander-K,SSC-7,Russia,Russia,Land-Attack Cruise Missile,Strike,7.2,2000,HE or cluster,500,500,2010,Operational,Road-mobile,0.5,480,Turbojet,Compatible with Iskander launcher,
RUS011,9M729 Iskander-K,SSC-8,Russia,Russia,Land-Attack Cruise Missile,Strike,8,2000,HE or nuclear,1500,2000,2015,Operational,Road-mobile,0.5,500,Turbojet,Extended range variant; INF Treaty violation cited,
RUS012,3M-14 Kalibr,SS-N-30A,Russia,Russia,Land-Attack Cruise Missile,Strike,6.2,1600,HE or nuclear,1500,2500,2012,Operational,"Ship, submarine",0.53,450,Turbojet,Club-K containerized variant,
RUS013,3M-54 Kalibr,SS-N-27A,Russia,Russia,Anti-Ship Cruise Missile,Strike,8.2,1950,HE,440,660,2012,Operational,"Ship, submarine",0.53,400,Turbojet + booster,Supersonic terminal variant,
RUS014,3M-14S,,Russia,Russia,Nuclear Land-Attack Cruise Missile,Strike,6.2,1700,Nuclear,2500,2500,2020,Operational,"Ship, submarine",0.53,450,Turbojet,Nuclear-armed Kalibr variant,
RUS015,Kh-101,AS-23A Kodiak,Russia,Russia,Air-Launched Cruise Missile,Strike,7.45,2400,HE,2800,4500,2013,Operational,Air-launched,0.74,400,Turbofan,Stealthy design; over 260 in inventory,
RUS016,Kh-102,AS-23B,Russia,Russia,Air-Launched Cruise Missile,Nuclear Strike,7.45,2400,Nuclear,2800,4500,2013,Operational,Air-launched,0.74,,Turbofan,Nuclear-armed Kh-101 variant,
RUS017,Kh-47M2 Kinzhal,AS-24 Killjoy,Russia,Russia,Air-Launched Ballistic Missile,Hypersonic Strike,8,4300,HE or nuclear,2000,3000,2017,Operational,Air-launched,1,480,Solid,Air-launched Iskander derivative; Mach 10-12,
RUS018,Kh-22,AS-4 Kitchen,Russia,Russia,Anti-Ship Cruise Missile,Strike,11.65,5780,HE or nuclear,600,600,1962,Operational,Air-launched,0.92,1000,Liquid,280+ Kh-22/Kh-32 in inventory,
RUS019,Kh-32,AS-4A Modernized,Russia,Russia,Anti-Ship Cruise Missile,Strike,11.65,6000,HE or nuclear,1000,1000,2016,Operational,Air-launched,0.92,500,Liquid,Modernized Kh-22; high-altitude approach,
RUS020,9M720 Izdeliye-30,,Russia,Russia,Air-Launched Cruise Missile,Strike,6,2500,HE,1500,1500,2025,Operational,Air-launched,0.5,800,Turbojet,Lower-cost Kh-101 alternative,
RUS021,3M22 Zircon,SS-N-33,Russia,Russia,Hypersonic Cruise Missile,Strike,9,4000,HE or nuclear,1000,1500,2022,Operational,"Ship, submarine",0.6,,Scramjet/Solid booster,First operational scramjet missile,
RUS022,9K720 Iskander-1000,,Russia,Russia,Theater Ballistic Missile,Strike,7.2,3800,HE or nuclear,1000,1000,2025,In development,Road-mobile,0.92,800,Solid,Extended-range Iskander variant,
RUS023,Kh-35U,AS-20 Kayak,Russia,Russia,Anti-Ship Cruise Missile,Strike,4.4,565,HE,260,300,2005,Operational,"Air, ship, ground",0.42,145,Turbojet,Export as Uran-E,
RUS024,9M79 Tochka-U,SS-21 Scarab,Russia,Russia,Short-Range Ballistic Missile,Strike,6.4,2010,HE/cluster/nuclear,120,185,1989,Operational Limited,Road-mobile,0.65,482,Single-stage solid,Being replaced by Iskander,
RUS025,Kh-55,AS-15 Kent,Russia,Russia,Air-Launched Cruise Missile,Strike,6.04,1700,Nuclear,2500,3000,1983,Operational Limited,Air-launched,0.77,410,Turbofan,Basis for Kh-101 development,
RUS026,Kh-555,AS-15B,Russia,Russia,Air-Launched Cruise Missile,Strike,6.04,1700,HE or cluster,2000,3500,2005,Operational,Air-launched,0.77,400,Turbofan,Conventional Kh-55 conversion,
RUS027,Grom-1,,Russia,Russia,Air-to-Surface Missile,Strike,3.5,600,HE,200,200,2025,Operational,Air-launched,0.3,300,Solid,Hybrid bomb-missile,
RUS028,S-300/400 series,,Russia,Russia,Surface-to-Air Missile,Interceptor,7.5,1900,HE fragmentation,200,400,1985,Operational,Ground,0.5,150,Solid,Can engage ballistic and cruise missiles,
RUS029,S-500 Prometheus,,Russia,Russia,Surface-to-Air/Anti-Ballistic Missile,Interceptor,8,2500,HE or nuclear,600,600,2021,Operational,Ground,0.6,,Solid,Advanced ABM capability,
IRN001,Sejjil,,Iran,Iran,Medium-Range Ballistic Missile,Strike,18,,HE,2000,2500,2008,Operational,Road-mobile,,1500,Solid,High-speed solid-fuel missile,
IRN002,Khorramshahr-4,Kheibar,Iran,Iran,Medium-Range Ballistic Missile,Strike,13,,HE,2000,2000,2023,Operational,Ground,1.3,1650,Liquid,Largest warhead in Iranian arsenal,
IRN003,Fattah,,Iran,Iran,Hypersonic Ballistic Missile,Strike,,,HE,1400,1400,2023,Operational,Ground,,,Solid,First Iranian hypersonic missile,
IRN004,Shahab-3,,Iran,Iran,Medium-Range Ballistic Missile,Strike,16,,HE,800,1300,2003,Operational,Ground,1.35,1000,Liquid,Core of Iran's MRBM arsenal,
IRN005,Emad,,Iran,Iran,Medium-Range Ballistic Missile,Strike,16,,HE,1700,1700,2015,Operational,Ground,,750,Liquid,Precision-guided Shahab-3 variant,
IRN006,Ghadr/Ghadr-110,,Iran,Iran,Medium-Range Ballistic Missile,Strike,16,,HE,2000,2000,2007,Operational,Ground,1.25,825,Liquid,Improved Shahab-3,
IRN007,Kheibar/Kheibarshekan,Khorramshahr-4,Iran,Iran,Medium-Range Ballistic Missile,Strike,11,,HE,1450,2000,2022,Operational,Ground,,1500,Solid,Solid-fuel missile,
IRN008,Haj Qasem,,Iran,Iran,Medium-Range Ballistic Missile,Strike,11,,HE,1400,1400,2020,Operational,Ground,,500,Solid,Named after Qasem Soleimani,
IRN009,Zolfaghar,,Iran,Iran,Short-Range Ballistic Missile,Strike,10,,HE,700,700,2017,Operational,Ground,,579,Solid,Precision-strike variant of Fateh-110,
IRN010,Fateh-110,,Iran,Iran,Short-Range Ballistic Missile,Strike,9,,HE,300,300,2002,Operational,Ground,0.61,550,Solid,Workhorse SRBM; multiple generations,
IRN011,Fateh-313,,Iran,Iran,Short-Range Ballistic Missile,Strike,9,,HE,500,500,2015,Operational,Ground,,380,Solid,Improved Fateh-110,
IRN012,Qiam-1,,Iran,Iran,Short-Range Ballistic Missile,Strike,11,,HE,800,800,2010,Operational,Ground,,750,Liquid,Finless design for rapid launch,
IRN013,Raad-500,,Iran,Iran,Short-Range Ballistic Missile,Strike,8,,HE,500,500,2020,Operational,Ground,,,Solid,Composite materials; cold-launch,
IRN014,Persian Gulf/Hormuz-1,,Iran,Iran,Anti-Ship Ballistic Missile,Strike,,,HE semi-armor piercing,300,300,2011,Operational,Coastal,,650,Solid,First-generation ASBM,
IRN015,Hormuz-2,,Iran,Iran,Anti-Ship Ballistic Missile,Strike,,,HE,300,300,2014,Operational,Coastal,,600,Solid,Anti-radiation variant,
IRN016,Soumar,,Iran,Iran,Land-Attack Cruise Missile,Strike,7,,HE,2000,2500,2015,Operational,Ground,,,Turbojet,Reverse-engineered Kh-55,
IRN017,Ya-Ali,,Iran,Iran,Cruise Missile,Strike,5,,HE,700,700,2015,Operational,Ground,,,Turbojet,Short-range cruise missile,
IRN018,Quds-1,,Iran,Iran,Cruise Missile,Strike,6,,HE,600,600,2019,Operational,Ground,,,Turbojet,Supplied to Houthis,
IRN019,Ra'ad,SSN-4,Iran,Iran,Anti-Ship Cruise Missile,Strike,7.36,3000,HE,350,350,2007,Operational,Ground/Ship,0.76,475,Turbojet + booster,Based on Chinese HY-4,
IRN020,Noor,,Iran,Iran,Anti-Ship Cruise Missile,Strike,6.38,715,HE,170,200,1991,Operational,Ground/Ship/Air,0.36,165,Solid,Improved Chinese C-801/C-802,
IRN021,Shahab-1,,Iran,Iran,Short-Range Ballistic Missile,Strike,10,,HE,300,300,1985,Operational,Ground,0.88,1000,Liquid,Based on Scud-B,
IRN022,Shahab-2,,Iran,Iran,Short-Range Ballistic Missile,Strike,11,,HE,500,500,1990,Operational,Ground,0.88,750,Liquid,Based on Scud-C,
IRN023,Fajr-3,,Iran,Iran,Artillery Rocket,Strike,5.2,,HE,43,43,1990,Operational,Ground,0.23,45,Solid,333mm caliber; 12-round launcher,
IRN024,Falaq-1,,Iran,Iran,Artillery Rocket,Strike,2.5,,HE,10,10,1990,Operational,Ground,0.24,50,Solid,240mm caliber,
IRN025,Falaq-2,,Iran,Iran,Artillery Rocket,Strike,2.5,,HE,10,10,2000,Operational,Ground,0.33,,Solid,333mm caliber,
IRN026,RAAD-T,,Iran,Iran,Anti-Tank Guided Missile,ATGM,1,11,HEAT,0.4,3,1997,Operational,Man-portable/Vehicle,0.12,,Solid,Improved Soviet Malyutka,
IRN027,Dehlavieh,9M133 Kornet copy,Iran,Iran,Anti-Tank Guided Missile,ATGM,1.2,,HEAT,5.5,5.5,2010,Operational,Man-portable/Vehicle,,,Solid,Reverse-engineered Russian Kornet,
IRN028,Toophan,BGM-71 TOW copy,Iran,Iran,Anti-Tank Guided Missile,ATGM,,,HEAT,3.5,4,2000,Operational,Man-portable/Vehicle,,,Solid,TOW reverse-engineered,
IRN029,Saeghe,M47 Dragon derivative,Iran,Iran,Anti-Tank Guided Missile,ATGM,,,HEAT,3,4,2005,Operational,Man-portable,,,Solid,Improvised Dragon copy,
IRN030,AD-08 Majid,,Iran,Iran,Short-Range Air Defense,Interceptor,2.67,75,HE fragmentation,8,8,2020,Operational,Ground,0.156,,Solid,Altitude 20m-6km; truck-mounted,
IRN031,Bavar-373,,Iran,Iran,Long-Range Surface-to-Air Missile,Interceptor,,,HE blast-fragmentation,300,300,2019,Operational,Ground,0.7,,Solid,Indigenous S-300 equivalent,
IRN032,Sayyad-2,,Iran,Iran,Surface-to-Air Missile,Interceptor,,,HE blast,60,100,2013,Operational,Ground,0.7,,Solid,Reverse-engineered SM-1,
IRN033,Sayyad-3,,Iran,Iran,Surface-to-Air Missile,Interceptor,,,HE blast,150,200,2016,Operational,Ground,0.7,,Solid,Improved Sayyad-2,
IRN034,Sayyad-4,,Iran,Iran,Surface-to-Air Missile,Interceptor,,,HE blast,300,300,2019,Operational,Ground,0.7,,Solid,For Bavar-373; two-stage,
IRN035,Sayyad-4B,,Iran,Iran,Surface-to-Air Missile,Interceptor,,,HE blast,400,400,2025,Operational,Ground,0.7,,Two-stage solid,Latest Sayyad variant,
GBR001,Storm Shadow,,UK/France,UK,Air-Launched Cruise Missile,Strike,5.1,1300,HE penetrating,250,560,2002,Operational,Air-launched,0.48,450,Turbojet,Conventional stand-off missile,
GBR002,Tomahawk,RGM/UGM-109,US/UK,UK,Land-Attack Cruise Missile,Strike,5.56,1500,HE or submunitions,1600,1600,1999,Operational,Ship (submarine),0.52,450,Turbofan,RN Astute/Trafalgar-class SSNs,
GBR003,SPEAR,,UK,UK,Miniature Cruise Missile,Strike,1.8,100,HE penetrating,100,100,2025,In development,Air-launched,0.18,,Turbojet,Can carry 8 on F-35; autonomous targeting,
GBR004,Brimstone,,UK,UK,Air-to-Surface Missile,Strike,1.8,50,HE tandem shaped charge,20,60,2005,Operational,Air-launched,0.18,,Solid,"60,000+ produced; dual-mode seeker",
GBR005,Sea Venom,,UK/France,UK,Anti-Ship Missile,Strike,2.5,110,HE blast/fragmentation,20,20,2025,Operational,Helicopter-launched,0.2,,Solid,Replaces Sea Skua,
GBR006,Martlet,LMM,UK,UK,Lightweight Multirole Missile,Strike,1.4,13,HE blast/fragmentation,6,9,2020,Operational,"Helicopter, ground, ship",0.076,,Solid,"1,000+ to Ukraine",
GBR007,CAMM,Land Ceptor,UK,UK,Surface-to-Air Missile,Interceptor,3.2,99,HE blast/fragmentation,25,25,2018,Operational,Ground,0.166,,Solid cold launch,Can hit tennis-ball target @ Mach 2,
GBR008,CAMM-ER,,UK/Italy,UK,Surface-to-Air Missile,Interceptor,4,160,HE blast/fragmentation,45,45,2024,Operational,Ground,0.19,,Solid,Extended range variant,
GBR009,Sea Ceptor,CAMM,UK,UK,Surface-to-Air Missile,Interceptor,3.2,99,HE blast/fragmentation,25,25,2016,Operational,Ship,0.166,,Solid cold launch,Replaces Sea Wolf; VLS launched,
GBR010,Sea Viper,Aster 15/30,UK/France,UK,Surface-to-Air Missile,Interceptor,4.2,310,HE blast-fragmentation,30,120,2013,Operational,Ship,0.18,,Solid,PAAMS system,
GBR011,Naval Strike Missile,NSM,Norway/UK,UK,Anti-Ship/Land-Attack Missile,Strike,3.96,407,HE,200,200,2025,Operational,Ship,0.32,125,Turbojet,Replaces Harpoon,
GBR012,Harpoon,RGM-84,US,UK,Anti-Ship Missile,Strike,4.63,691,HE,130,130,1985,Being replaced,Ship,0.34,221,Turbojet,Being replaced by NSM,
GBR013,Rapier,,UK,UK,Surface-to-Air Missile,Interceptor,2.24,45,HE blast fragmentation,8.2,8.2,1971,Retired,Ground,0.133,1.4,Solid,Replaced by Sky Sabre,
GBR014,Starstreak,,UK,UK,Short-Range Air Defense,MAMPADS,1.4,20,3 kinetic penetrators,5,7,1997,Operational,Man-portable/Stormer,0.13,,Solid,High-velocity; LMM supplementing,
GBR015,ASRAAM,AIM-132,UK,UK,Short-Range Air-to-Air Missile,AAM,2.9,88,HE blast-fragmentation,25,50,1998,Operational,Air-launched,0.166,10,Solid,LOAL capability; F-35 integration,
GBR016,Meteor,,UK/Europe,UK,Beyond Visual Range Air-to-Air Missile,AAM,3.7,190,HE blast-fragmentation,100,200,2016,Operational,Air-launched,0.178,,Ramjet,Throttleable ducted rocket,
GBR017,Sting Ray,,UK,UK,Lightweight Torpedo,ASW,2.6,267,HE shaped charge,11,11,1983,Operational,Air/ship-launched,0.324,45,Solid-fuel piston,Being replaced,
GBR018,SPEAR 3,,UK,UK,Miniature Cruise Missile,Strike,1.8,100,HE penetrating,100,100,2025,Operational,Air-launched,0.18,,Turbojet,SPEAR 3 Block 1 IOC achieved,
GBR019,Blue Steel,,UK,UK,Stand-off Nuclear Missile,Nuclear Strike,10.7,7270,Nuclear,240,240,1963,Retired,Air-launched,0.9,,Liquid,UK's only indigenous nuclear stand-off missile,
GBR020,Blue Streak,,UK,UK,Intermediate-Range Ballistic Missile,Strike,18.8,90000,Nuclear,3700,3700,1960,Cancelled,Silo-based,3.05,,Liquid,Became space launcher,
GBR021,Chevaline,,UK,UK,MRV upgrade system,Strike,,,,4600,4600,1982,Retired,Submarine,,,Solid,Polaris upgrade; 2 warheads + decoys,
GBR022,Trident II D5,UGM-133,US,UK,Submarine-Launched Ballistic Missile,Strike,13.5,59000,Nuclear,12000,12000,1994,Operational,Submarine,2.11,2800,3-stage solid,UK nuclear deterrent; leased from US,
GBR023,Polaris A3,UGM-27C,US,UK,Submarine-Launched Ballistic Missile,Strike,9.6,16000,Nuclear,4600,4600,1968,Retired,Submarine,1.37,,2-stage solid,Chevaline retrofitted,
GBR024,NLAW,MBT LAW,UK/Sweden,UK,Anti-Tank Guided Missile,ATGM,1.02,12.5,HE shaped charge,0.6,1,2009,Operational,Man-portable,0.15,,Solid,Overfly top-attack; disposable,
GBR025,Sea Dart,,UK,UK,Surface-to-Air Missile,Interceptor,4.4,550,HE,75,150,1973,Retired,Ship,0.42,,Ramjet,Replaced by Sea Viper,
GBR026,Sea Wolf,,UK,UK,Surface-to-Air Missile,Interceptor,2,82,HE,6,10,1979,Retired,Ship,0.18,,Solid,Replaced by Sea Ceptor,